date,agent_id,agent_name,team,scheduled_hours,worked_hours,adherence_percent,occupancy_percent,absent_flag,calls_offered,calls_handled,calls_abandoned,aht_seconds,acw_seconds,hold_seconds,asa_seconds,service_level_percent,chats_offered,chats_handled,chat_duration_seconds,chat_sla_percent,chat_transfers,tickets_received,tickets_resolved,backlog_start,backlog_end,ticket_sla_percent,fcr_percent
2024-01-01,Agent_001,Agent_001,Support A,7,6.93,0.9531,0.8944,0,65,61,3,299,43,17,17,0.8558,7,6,494,0.6194,0,10,9,16,17,0.8754,0.8362
2024-01-01,Agent_002,Agent_002,Support A,7,6.4,0.9738,0.8111,0,42,34,7,262,36,38,0,0.945,19,15,576,0.572,0,6,5,19,20,0.9015,0.7051
2024-01-01,Agent_003,Agent_003,Support A,6,5.31,0.9532,0.8278,0,31,25,6,357,42,26,19,0.8453,22,18,328,0.7153,2,17,14,15,18,0.8716,0.8174
2024-01-01,Agent_004,Agent_004,Support A,8,7.14,0.9018,0.8403,0,57,46,10,367,45,51,17,0.8558,16,14,661,0.5229,3,13,13,13,13,0.99,0.8048
2024-01-01,Agent_005,Agent_005,Support A,8,8.03,0.946,0.9108,0,68,65,2,335,48,46,22,0.8295,11,10,522,0.6032,0,16,15,18,19,0.9579,0.7011
2024-01-01,Agent_006,Agent_006,Support B,8,7.05,0.9153,0.7749,0,46,42,3,284,56,16,26,0.7315,10,8,512,0.5387,1,5,3,9,11,0.7408,0.816
2024-01-01,Agent_007,Agent_007,Support B,7,6.54,0.8647,0.8552,0,32,28,4,280,39,41,35,0.6888,16,14,544,0.5224,1,8,6,14,16,0.7476,0.7357
2024-01-01,Agent_008,Agent_008,Support B,8,7.54,0.9109,0.7286,0,34,32,1,285,42,35,22,0.7505,10,8,299,0.6476,2,14,13,6,7,0.901,0.7953
2024-01-01,Agent_009,Agent_009,Support B,9,7.99,0.8917,0.6966,0,58,54,3,284,32,43,28,0.722,15,14,510,0.5397,0,10,8,13,15,0.6847,0.7659
2024-01-01,Agent_010,Agent_010,Support B,8,8.13,0.9127,0.7841,0,59,54,5,384,49,45,46,0.6365,7,6,364,0.6144,0,18,15,10,13,0.7775,0.7163
2024-01-01,Agent_011,Agent_011,Billing,8,7.45,0.9198,0.8341,0,26,22,4,303,45,45,6,0.87,21,17,510,0.5867,1,17,13,9,13,0.8082,0.8608
2024-01-01,Agent_012,Agent_012,Billing,8,8.02,0.9342,0.9056,0,65,58,6,403,36,49,30,0.75,22,21,402,0.6467,1,5,4,14,15,0.9566,0.8177
2024-01-01,Agent_013,Agent_013,Billing,7,6.5,0.9293,0.8267,0,53,47,5,429,38,49,34,0.73,22,20,516,0.5833,2,8,6,12,14,0.9108,0.7459
2024-01-01,Agent_014,Agent_014,Billing,7,0.0,0.9605,1.0,1,0,0,0,0,0,0,0,0.0,0,0,0,0.0,0,0,0,0,0,0.0,0.0
2024-01-01,Agent_015,Agent_015,Billing,8,7.51,0.9466,0.6669,0,30,27,2,386,34,24,22,0.79,10,8,487,0.5994,0,18,16,6,8,0.9624,0.8579
2024-01-01,Agent_016,Agent_016,Tech Support,8,8.12,0.848,0.8999,0,47,40,7,222,46,50,22,0.711,9,7,388,0.5759,1,11,10,12,13,0.8529,0.7666
2024-01-01,Agent_017,Agent_017,Tech Support,7,0.0,0.8497,0.6404,1,0,0,0,0,0,0,0,0.0,0,0,0,0.0,0,0,0,0,0,0.0,0.0
2024-01-01,Agent_018,Agent_018,Tech Support,8,8.15,0.8687,0.8876,0,60,55,5,341,31,38,44,0.612,14,13,325,0.6067,0,5,5,14,14,0.8653,0.7193
2024-01-01,Agent_019,Agent_019,Tech Support,7,6.52,0.8513,0.6828,0,32,28,3,297,41,58,25,0.6975,15,12,470,0.5358,0,16,16,5,5,0.8822,0.8652
2024-01-01,Agent_020,Agent_020,Tech Support,6,5.75,0.863,0.7497,0,64,57,7,285,29,47,26,0.693,9,7,421,0.5598,0,10,7,9,12,0.8955,0.7736
2024-01-02,Agent_001,Agent_001,Support A,8,7.34,0.9554,0.7904,0,69,59,9,335,42,50,34,0.7665,10,8,396,0.676,0,10,8,17,19,0.9201,0.8096
2024-01-02,Agent_002,Agent_002,Support A,7,6.8,0.9075,0.9081,0,37,33,4,307,39,69,29,0.7928,7,6,232,0.7708,1,12,9,9,12,0.8712,0.7653
2024-01-02,Agent_003,Agent_003,Support A,9,8.81,0.8913,0.8361,0,57,52,4,295,24,52,17,0.8558,21,17,525,0.6015,0,10,9,10,11,0.8821,0.7461
2024-01-02,Agent_004,Agent_004,Support A,6,5.64,0.9466,0.7395,0,50,45,5,362,44,30,26,0.8085,10,9,551,0.5864,0,7,6,14,15,0.8841,0.7661
2024-01-02,Agent_005,Agent_005,Support A,8,7.42,0.9045,0.9049,0,20,18,1,336,26,72,6,0.9135,22,21,454,0.6425,4,12,9,2,5,0.99,0.8705
2024-01-02,Agent_006,Agent_006,Support B,9,8.34,0.8606,0.8871,0,51,48,2,281,50,48,33,0.6982,22,20,469,0.5607,1,15,12,7,10,0.7362,0.7547
2024-01-02,Agent_007,Agent_007,Support B,7,6.49,0.9445,0.7756,0,53,44,8,313,54,16,39,0.6698,9,8,527,0.531,1,6,5,13,14,0.8921,0.8223
2024-01-02,Agent_008,Agent_008,Support B,8,7.67,0.8972,0.775,0,43,36,6,238,46,26,23,0.7458,19,15,285,0.6547,1,8,6,19,21,0.78,0.7755
2024-01-02,Agent_009,Agent_009,Support B,7,6.87,0.9077,0.7742,0,49,43,5,317,49,61,36,0.684,13,12,506,0.5418,1,18,15,7,10,0.7977,0.7193
2024-01-02,Agent_010,Agent_010,Support B,8,7.04,0.8676,0.7102,0,21,17,3,313,42,53,28,0.722,9,7,295,0.6496,0,7,6,4,5,0.8809,0.7067
2024-01-02,Agent_011,Agent_011,Billing,8,7.95,0.9234,0.779,0,60,53,7,286,39,41,18,0.81,6,5,282,0.7133,0,10,7,19,22,0.9735,0.8334
2024-01-02,Agent_012,Agent_012,Billing,8,7.45,0.9394,0.9218,0,41,35,5,415,43,43,30,0.75,7,6,493,0.5961,0,15,12,7,10,0.9626,0.8232
2024-01-02,Agent_013,Agent_013,Billing,7,6.51,0.9402,0.7321,0,24,22,1,342,30,40,19,0.805,11,10,522,0.58,1,15,12,7,10,0.9867,0.7457
2024-01-02,Agent_014,Agent_014,Billing,6,5.74,0.8888,0.6496,0,25,21,3,368,37,48,33,0.735,12,10,483,0.6017,1,8,8,18,18,0.9626,0.8263
2024-01-02,Agent_015,Agent_015,Billing,6,5.86,0.8787,0.8817,0,43,37,5,330,30,41,32,0.74,12,10,462,0.6133,1,5,5,19,19,0.9634,0.9227
2024-01-02,Agent_016,Agent_016,Tech Support,8,7.61,0.8531,0.7258,0,45,40,4,325,39,18,14,0.747,12,10,562,0.4908,1,16,16,10,10,0.817,0.7466
2024-01-02,Agent_017,Agent_017,Tech Support,7,6.9,0.843,0.721,0,27,24,3,354,32,22,28,0.684,24,21,443,0.549,2,9,8,4,5,0.8149,0.6949
2024-01-02,Agent_018,Agent_018,Tech Support,9,8.24,0.8734,0.9248,0,53,44,9,396,63,37,12,0.756,5,4,419,0.5608,0,9,8,10,11,0.9144,0.7614
2024-01-02,Agent_019,Agent_019,Tech Support,6,5.42,0.8841,0.6466,0,52,49,2,335,28,27,21,0.7155,6,5,446,0.5476,1,15,13,13,15,0.9166,0.7824
2024-01-02,Agent_020,Agent_020,Tech Support,8,7.57,0.9635,0.7519,0,21,18,2,296,46,30,23,0.7065,8,7,413,0.5637,1,19,15,6,10,0.9438,0.7749
2024-01-03,Agent_001,Agent_001,Support A,6,5.39,0.9237,0.7484,0,21,18,3,302,21,58,12,0.882,14,13,539,0.5934,1,19,15,0,4,0.8843,0.8713
2024-01-03,Agent_002,Agent_002,Support A,8,7.05,0.9077,0.8945,0,28,24,3,271,33,56,28,0.798,7,6,306,0.728,1,19,14,1,6,0.9595,0.755
2024-01-03,Agent_003,Agent_003,Support A,8,7.75,0.9415,0.857,0,24,19,5,358,46,55,34,0.7665,15,12,440,0.6506,1,5,4,19,20,0.8162,0.8479
2024-01-03,Agent_004,Agent_004,Support A,8,7.83,0.9231,0.841,0,31,26,5,336,33,52,20,0.84,19,15,427,0.6581,2,5,4,0,1,0.9041,0.8128
2024-01-03,Agent_005,Agent_005,Support A,8,8.15,0.9361,0.8693,0,68,61,7,310,35,38,27,0.8033,15,13,460,0.639,1,12,12,1,1,0.9693,0.8216
2024-01-03,Agent_006,Agent_006,Support B,7,6.86,0.8599,0.7665,0,29,24,5,278,51,18,20,0.76,23,19,322,0.6358,1,9,8,18,19,0.7069,0.7761
2024-01-03,Agent_007,Agent_007,Support B,8,7.43,0.8514,0.8164,0,33,31,2,333,50,50,24,0.741,21,18,472,0.5592,1,6,5,13,14,0.8948,0.6878
2024-01-03,Agent_008,Agent_008,Support B,8,7.46,0.8686,0.9208,0,41,34,6,300,27,29,25,0.7362,23,21,490,0.55,2,19,14,8,13,0.8573,0.7769
2024-01-03,Agent_009,Agent_009,Support B,6,5.75,0.8881,0.8258,0,24,20,3,252,30,13,15,0.7838,17,14,399,0.5965,1,6,4,12,14,0.7961,0.8706
2024-01-03,Agent_010,Agent_010,Support B,8,7.77,0.8856,0.666,0,35,29,6,353,46,43,50,0.6175,24,20,554,0.5172,0,14,12,0,2,0.7953,0.6999
2024-01-03,Agent_011,Agent_011,Billing,8,7.6,0.9602,0.6922,0,46,37,8,309,27,34,24,0.78,12,11,331,0.6861,1,8,8,15,15,0.8715,0.76
2024-01-03,Agent_012,Agent_012,Billing,6,0.0,0.9483,0.7109,1,0,0,0,0,0,0,0,0.0,0,0,0,0.0,0,0,0,0,0,0.0,0.0
2024-01-03,Agent_013,Agent_013,Billing,8,7.16,0.934,0.7568,0,63,58,4,287,27,51,21,0.795,18,16,359,0.6706,0,18,16,8,10,0.8794,0.7115
2024-01-03,Agent_014,Agent_014,Billing,8,7.97,0.9634,0.754,0,38,35,2,299,66,48,30,0.75,10,9,449,0.6206,1,18,18,8,8,0.8648,0.9272
2024-01-03,Agent_015,Agent_015,Billing,7,6.27,0.919,0.7211,0,20,17,3,408,29,68,27,0.765,20,18,411,0.6417,1,9,6,18,21,0.9587,0.7809
2024-01-03,Agent_016,Agent_016,Tech Support,8,7.46,0.9066,0.8882,0,37,35,1,306,65,41,22,0.711,15,13,430,0.5554,2,11,10,0,1,0.7129,0.8745
2024-01-03,Agent_017,Agent_017,Tech Support,8,7.72,0.8504,0.8677,0,33,27,5,307,23,70,18,0.729,6,5,251,0.6429,1,6,5,11,12,0.8797,0.7785
2024-01-03,Agent_018,Agent_018,Tech Support,7,6.22,0.8625,0.7937,0,34,29,5,294,29,41,21,0.7155,13,11,577,0.4835,2,9,7,10,12,0.8314,0.764
2024-01-03,Agent_019,Agent_019,Tech Support,8,7.5,0.8852,0.8459,0,20,16,4,305,41,42,23,0.7065,11,9,369,0.5852,0,7,7,0,0,0.8042,0.8387
2024-01-03,Agent_020,Agent_020,Tech Support,9,8.54,0.8899,0.7388,0,48,43,5,395,33,30,28,0.684,20,19,292,0.6228,1,13,11,10,12,0.8374,0.723
2024-01-04,Agent_001,Agent_001,Support A,9,8.4,0.9567,0.8428,0,64,61,2,302,24,59,34,0.7665,22,21,387,0.6812,1,14,13,16,17,0.9702,0.8024
2024-01-04,Agent_002,Agent_002,Support A,9,9.13,0.9286,0.8056,0,44,41,3,264,49,49,31,0.7823,19,17,548,0.5882,3,14,11,7,10,0.8684,0.8772
2024-01-04,Agent_003,Agent_003,Support A,8,7.12,0.8515,0.8463,0,31,28,2,336,34,66,4,0.924,17,15,333,0.7124,0,13,11,15,17,0.8473,0.7633
2024-01-04,Agent_004,Agent_004,Support A,8,7.69,0.9746,0.9532,0,53,43,9,354,42,69,23,0.8243,16,14,252,0.7592,2,14,10,8,12,0.99,0.8268
2024-01-04,Agent_005,Agent_005,Support A,7,6.56,0.9308,0.9139,0,60,49,11,374,20,76,6,0.9135,12,10,307,0.7274,0,14,13,14,15,0.951,0.8664
2024-01-04,Agent_006,Agent_006,Support B,8,0.0,0.8613,0.8759,1,0,0,0,0,0,0,0,0.0,0,0,0,0.0,0,0,0,0,0,0.0,0.0
2024-01-04,Agent_007,Agent_007,Support B,8,7.41,0.8696,0.746,0,61,53,8,289,24,60,21,0.7552,10,8,509,0.5402,0,5,4,6,7,0.8378,0.8063
2024-01-04,Agent_008,Agent_008,Support B,8,7.45,0.8491,0.823,0,28,25,2,239,27,39,12,0.798,14,13,509,0.5402,1,19,17,3,5,0.7988,0.7404
2024-01-04,Agent_009,Agent_009,Support B,7,6.18,0.858,0.7005,0,61,56,5,290,40,52,-2,0.8645,20,19,358,0.6174,0,9,9,17,17,0.8274,0.86
2024-01-04,Agent_010,Agent_010,Support B,8,7.54,0.886,0.8311,0,65,58,7,244,40,25,7,0.8217,6,5,361,0.6159,0,19,18,12,13,0.7851,0.6673
2024-01-04,Agent_011,Agent_011,Billing,8,0.0,0.8958,0.7858,1,0,0,0,0,0,0,0,0.0,0,0,0,0.0,0,0,0,0,0,0.0,0.0
2024-01-04,Agent_012,Agent_012,Billing,9,8.24,0.9118,0.9129,0,55,48,6,291,54,80,18,0.81,24,20,454,0.6178,0,19,14,11,16,0.949,0.713
2024-01-04,Agent_013,Agent_013,Billing,9,8.83,0.9849,0.8351,0,36,29,7,332,32,52,21,0.795,19,16,521,0.5806,3,5,4,9,10,0.9443,0.8693
2024-01-04,Agent_014,Agent_014,Billing,8,7.23,0.9239,0.7377,0,53,46,6,342,35,56,26,0.77,13,11,403,0.6461,2,14,12,11,13,0.8673,0.7273
2024-01-04,Agent_015,Agent_015,Billing,8,0.0,0.8564,0.683,1,0,0,0,0,0,0,0,0.0,0,0,0,0.0,0,0,0,0,0,0.0,0.0
2024-01-04,Agent_016,Agent_016,Tech Support,9,8.34,0.9115,0.8574,0,45,40,4,272,44,32,16,0.738,21,18,572,0.486,0,8,6,13,15,0.9096,0.776
2024-01-04,Agent_017,Agent_017,Tech Support,6,5.45,0.8623,0.8597,0,48,43,5,317,47,43,21,0.7155,18,16,467,0.5373,0,12,12,16,16,0.8546,0.7937
2024-01-04,Agent_018,Agent_018,Tech Support,7,6.81,0.9064,0.8361,0,66,54,11,273,31,53,32,0.666,20,19,450,0.5456,4,18,14,3,7,0.8569,0.7986
2024-01-04,Agent_019,Agent_019,Tech Support,8,7.05,0.8289,0.7604,0,34,32,2,297,45,49,28,0.684,22,21,573,0.4855,1,9,7,15,17,0.8844,0.818
2024-01-04,Agent_020,Agent_020,Tech Support,8,7.88,0.8851,0.8645,0,59,56,3,266,34,68,31,0.6705,15,13,519,0.5119,0,18,15,12,15,0.764,0.7634
2024-01-05,Agent_001,Agent_001,Support A,8,0.0,0.9463,0.8399,1,0,0,0,0,0,0,0,0.0,0,0,0,0.0,0,0,0,0,0,0.0,0.0
2024-01-05,Agent_002,Agent_002,Support A,8,8.06,0.9243,0.6843,0,35,29,6,283,37,63,19,0.8453,18,16,354,0.7003,2,5,4,11,12,0.8511,0.6901
2024-01-05,Agent_003,Agent_003,Support A,7,0.0,0.9125,0.8362,1,0,0,0,0,0,0,0,0.0,0,0,0,0.0,0,0,0,0,0,0.0,0.0
2024-01-05,Agent_004,Agent_004,Support A,9,8.31,0.9734,0.9488,0,26,22,4,353,28,51,26,0.8085,10,8,544,0.5905,0,7,5,19,21,0.8864,0.8066
2024-01-05,Agent_005,Agent_005,Support A,8,7.67,0.9422,0.7053,0,42,38,3,335,48,57,30,0.7875,12,10,428,0.6575,0,14,14,11,11,0.9618,0.8583
2024-01-05,Agent_006,Agent_006,Support B,7,6.89,0.8962,0.8238,0,55,51,4,344,34,25,31,0.7077,13,11,469,0.5607,1,15,14,16,17,0.8433,0.7752
2024-01-05,Agent_007,Agent_007,Support B,7,6.51,0.8726,0.8399,0,44,36,8,345,24,44,14,0.7885,6,5,503,0.5433,0,9,7,12,14,0.8804,0.8637
2024-01-05,Agent_008,Agent_008,Support B,8,0.0,0.9749,0.875,1,0,0,0,0,0,0,0,0.0,0,0,0,0.0,0,0,0,0,0,0.0,0.0
2024-01-05,Agent_009,Agent_009,Support B,7,6.53,0.877,0.7799,0,65,60,5,370,28,31,29,0.7172,20,16,334,0.6297,2,18,16,3,5,0.8822,0.7702
2024-01-05,Agent_010,Agent_010,Support B,8,7.39,0.9491,0.8174,0,56,51,5,327,48,47,21,0.7552,10,8,662,0.462,0,7,6,14,15,0.7976,0.6685
2024-01-05,Agent_011,Agent_011,Billing,8,7.3,0.9942,0.7676,0,46,42,3,263,20,65,35,0.725,12,11,388,0.6544,0,11,11,2,2,0.9158,0.8723
2024-01-05,Agent_012,Agent_012,Billing,8,7.78,0.9099,0.6919,0,49,43,5,386,60,54,44,0.68,16,13,430,0.6311,1,6,4,18,20,0.89,0.7186
2024-01-05,Agent_013,Agent_013,Billing,8,8.12,0.8956,0.7214,0,21,18,2,311,55,37,25,0.775,22,19,495,0.595,3,9,7,2,4,0.9274,0.7867
2024-01-05,Agent_014,Agent_014,Billing,8,7.49,0.9355,0.8946,0,29,27,2,244,37,17,30,0.75,10,9,384,0.6567,0,6,5,9,10,0.8733,0.8209
2024-01-05,Agent_015,Agent_015,Billing,9,8.22,0.9182,0.7543,0,42,39,2,288,39,47,32,0.74,20,18,440,0.6256,0,12,10,6,8,0.99,0.7512
2024-01-05,Agent_016,Agent_016,Tech Support,8,7.51,0.9108,0.8723,0,66,59,7,261,49,72,24,0.702,5,4,462,0.5397,0,19,17,10,12,0.9185,0.9212
2024-01-05,Agent_017,Agent_017,Tech Support,6,6.08,0.862,0.9118,0,37,31,6,293,34,54,21,0.7155,8,7,281,0.6282,0,18,14,8,12,0.8249,0.7971
2024-01-05,Agent_018,Agent_018,Tech Support,8,7.25,0.8709,0.8636,0,69,66,3,329,47,63,35,0.6525,12,11,294,0.6219,1,7,5,2,4,0.8128,0.7976
2024-01-05,Agent_019,Agent_019,Tech Support,8,8.1,0.8518,0.7655,0,37,35,1,385,34,53,25,0.6975,8,7,459,0.5412,0,18,15,9,12,0.8638,0.7272
2024-01-05,Agent_020,Agent_020,Tech Support,8,7.6,0.8822,0.6853,0,59,56,3,315,22,59,32,0.666,10,8,541,0.5011,0,19,16,9,12,0.9368,0.8167
2024-01-06,Agent_001,Agent_001,Support A,7,6.95,0.9448,0.7658,0,58,55,3,310,33,40,28,0.798,7,5,512,0.609,0,17,16,4,5,0.99,0.6959
2024-01-06,Agent_002,Agent_002,Support A,8,7.2,0.9387,0.8602,0,23,21,2,278,47,43,29,0.7928,13,11,471,0.6327,0,15,14,7,8,0.8769,0.7831
2024-01-06,Agent_003,Agent_003,Support A,6,5.71,0.9155,0.8092,0,68,57,11,275,47,34,38,0.7455,24,19,394,0.6772,0,17,14,7,10,0.8609,0.7839
2024-01-06,Agent_004,Agent_004,Support A,8,7.79,0.973,1.0,0,66,57,8,298,54,39,28,0.798,16,13,396,0.676,1,7,5,15,17,0.9215,0.7593
2024-01-06,Agent_005,Agent_005,Support A,7,6.4,0.9014,0.7071,0,28,25,3,405,34,37,17,0.8558,9,8,434,0.654,1,5,5,5,5,0.863,0.778
2024-01-06,Agent_006,Agent_006,Support B,7,6.95,0.9005,0.8311,0,67,61,6,372,60,48,40,0.665,23,19,624,0.4815,1,7,6,18,19,0.796,0.8155
2024-01-06,Agent_007,Agent_007,Support B,8,7.36,0.9107,0.8294,0,23,20,3,296,32,28,26,0.7315,15,14,378,0.6072,1,9,8,3,4,0.7458,0.8186
2024-01-06,Agent_008,Agent_008,Support B,7,6.5,0.8777,0.8058,0,69,57,12,349,31,55,37,0.6793,19,17,455,0.5678,0,14,14,4,4,0.8496,0.809
2024-01-06,Agent_009,Agent_009,Support B,8,7.06,0.8517,0.7812,0,52,43,8,287,35,50,32,0.703,22,20,547,0.5208,0,5,5,8,8,0.804,0.6951
2024-01-06,Agent_010,Agent_010,Support B,9,8.1,0.8522,0.7211,0,48,45,3,274,44,42,23,0.7458,11,10,608,0.4896,1,6,5,8,9,0.7887,0.8352
2024-01-06,Agent_011,Agent_011,Billing,8,7.41,0.905,0.6986,0,65,57,8,337,38,38,25,0.775,13,11,706,0.4778,2,11,9,17,19,0.9843,0.8191
2024-01-06,Agent_012,Agent_012,Billing,8,7.41,0.9089,0.8381,0,66,56,10,334,35,46,11,0.845,20,16,604,0.5344,1,7,6,3,4,0.9071,0.7796
2024-01-06,Agent_013,Agent_013,Billing,8,8.01,0.8916,0.7223,0,42,36,5,294,53,48,37,0.715,22,18,403,0.6461,1,8,6,2,4,0.7492,0.791
2024-01-06,Agent_014,Agent_014,Billing,8,7.56,0.9042,0.7869,0,34,31,2,362,40,56,15,0.825,19,15,453,0.6183,1,14,14,1,1,0.899,0.9049
2024-01-06,Agent_015,Agent_015,Billing,8,7.35,0.9251,0.8356,0,52,50,1,309,36,33,30,0.75,24,23,454,0.6178,3,17,15,3,5,0.9269,0.84
2024-01-06,Agent_016,Agent_016,Tech Support,8,7.1,0.8543,0.8035,0,32,29,2,302,63,71,15,0.7425,8,7,446,0.5476,0,16,14,11,13,0.8764,0.6796
2024-01-06,Agent_017,Agent_017,Tech Support,8,0.0,0.874,0.8463,1,0,0,0,0,0,0,0,0.0,0,0,0,0.0,0,0,0,0,0,0.0,0.0
2024-01-06,Agent_018,Agent_018,Tech Support,9,8.11,0.8744,0.6966,0,45,38,6,285,55,10,43,0.6165,21,17,278,0.6297,3,13,10,12,15,0.8579,0.7028
2024-01-06,Agent_019,Agent_019,Tech Support,8,7.88,0.8681,0.7497,0,57,52,5,232,31,33,38,0.639,15,14,513,0.5148,1,9,8,15,16,0.765,0.8725
2024-01-06,Agent_020,Agent_020,Tech Support,8,0.0,0.8669,0.8516,1,0,0,0,0,0,0,0,0.0,0,0,0,0.0,0,0,0,0,0,0.0,0.0
2024-01-07,Agent_001,Agent_001,Support A,8,7.71,0.9621,0.9067,0,51,43,8,302,49,33,21,0.8348,20,19,360,0.6968,0,13,11,8,10,0.9236,0.7223
2024-01-07,Agent_002,Agent_002,Support A,7,6.85,0.9062,0.7501,0,49,44,4,349,69,61,10,0.8925,10,8,707,0.4963,1,9,7,17,19,0.9868,0.7779
2024-01-07,Agent_003,Agent_003,Support A,8,8.02,0.9957,0.7514,0,39,35,3,345,35,47,20,0.84,15,13,295,0.7344,0,16,16,0,0,0.9661,0.71
2024-01-07,Agent_004,Agent_004,Support A,8,7.81,0.952,0.7431,0,41,37,4,295,35,56,39,0.7403,22,19,566,0.5778,2,18,15,15,18,0.8862,0.8068
2024-01-07,Agent_005,Agent_005,Support A,8,0.0,0.9146,0.8419,1,0,0,0,0,0,0,0,0.0,0,0,0,0.0,0,0,0,0,0,0.0,0.0
2024-01-07,Agent_006,Agent_006,Support B,8,7.77,0.8578,0.7411,0,48,44,3,257,39,44,50,0.6175,21,18,429,0.5811,1,19,16,1,4,0.8078,0.7766
2024-01-07,Agent_007,Agent_007,Support B,9,8.85,0.885,0.8932,0,55,51,4,313,32,49,42,0.6555,9,7,323,0.6353,1,6,4,14,16,0.8134,0.7903
2024-01-07,Agent_008,Agent_008,Support B,8,7.93,0.8787,0.8225,0,35,30,4,305,48,22,32,0.703,18,16,419,0.5862,1,18,16,18,20,0.8638,0.8105
2024-01-07,Agent_009,Agent_009,Support B,8,7.71,0.9258,0.8968,0,34,31,3,317,61,35,21,0.7552,24,21,282,0.6563,1,17,12,14,19,0.7241,0.7361
2024-01-07,Agent_010,Agent_010,Support B,9,7.93,0.8588,0.8001,0,40,38,1,308,24,20,30,0.7125,5,4,412,0.5898,1,12,11,7,8,0.8421,0.8426
2024-01-07,Agent_011,Agent_011,Billing,8,8.08,0.8981,0.7612,0,52,46,5,338,35,62,39,0.705,9,8,464,0.6122,0,8,7,14,15,0.8339,0.8111
2024-01-07,Agent_012,Agent_012,Billing,7,6.83,0.9441,0.7968,0,51,43,7,294,27,40,17,0.815,21,19,338,0.6822,2,19,14,14,19,0.8748,0.8796
2024-01-07,Agent_013,Agent_013,Billing,8,7.65,0.9165,0.8366,0,37,32,5,223,45,68,23,0.785,13,12,426,0.6333,0,11,11,18,18,0.8658,0.8122
2024-01-07,Agent_014,Agent_014,Billing,6,6.06,0.8679,0.8947,0,26,24,1,196,35,51,23,0.785,13,11,424,0.6344,2,9,9,18,18,0.9035,0.7231
2024-01-07,Agent_015,Agent_015,Billing,9,8.01,0.9076,0.8909,0,51,47,3,332,39,58,4,0.88,12,11,503,0.5906,1,9,7,18,20,0.8652,0.7044
2024-01-07,Agent_016,Agent_016,Tech Support,7,6.51,0.8952,0.8407,0,36,34,1,304,31,38,28,0.684,14,12,564,0.4899,0,16,15,18,19,0.8559,0.776
2024-01-07,Agent_017,Agent_017,Tech Support,8,7.77,0.8712,0.8096,0,25,20,5,423,32,9,33,0.6615,7,5,485,0.5285,0,9,9,8,8,0.7972,0.7865
2024-01-07,Agent_018,Agent_018,Tech Support,8,7.28,0.9137,0.7029,0,43,40,3,331,34,45,25,0.6975,12,10,587,0.4786,0,19,16,10,13,0.8154,0.7862
2024-01-07,Agent_019,Agent_019,Tech Support,6,5.35,0.8298,0.7275,0,36,32,3,309,38,45,19,0.7245,24,23,442,0.5495,0,5,4,15,16,0.8349,0.8125
2024-01-07,Agent_020,Agent_020,Tech Support,8,7.63,0.8625,0.7363,0,43,37,5,248,33,5,27,0.6885,6,5,436,0.5524,0,8,7,17,18,0.8651,0.8345
2024-01-08,Agent_001,Agent_001,Support A,8,7.49,0.9386,0.8609,0,20,18,2,294,36,50,3,0.9293,24,22,313,0.724,0,8,8,3,3,0.9302,0.858
2024-01-08,Agent_002,Agent_002,Support A,8,0.0,0.9061,0.8278,1,0,0,0,0,0,0,0,0.0,0,0,0,0.0,0,0,0,0,0,0.0,0.0
2024-01-08,Agent_003,Agent_003,Support A,8,0.0,0.9143,0.9414,1,0,0,0,0,0,0,0,0.0,0,0,0,0.0,0,0,0,0,0,0.0,0.0
2024-01-08,Agent_004,Agent_004,Support A,8,7.63,0.9185,0.8092,0,27,22,4,382,33,62,45,0.7088,21,18,380,0.6852,0,13,11,0,2,0.9601,0.7145
2024-01-08,Agent_005,Agent_005,Support A,8,7.04,0.9819,0.8553,0,66,57,9,365,48,67,33,0.7718,6,5,441,0.65,0,8,6,14,16,0.7934,0.7778
2024-01-08,Agent_006,Agent_006,Support B,7,6.94,0.9539,0.7887,0,21,19,1,233,44,41,15,0.7838,23,20,376,0.6082,2,12,9,4,7,0.776,0.6962
2024-01-08,Agent_007,Agent_007,Support B,8,0.0,0.8699,0.7671,1,0,0,0,0,0,0,0,0.0,0,0,0,0.0,0,0,0,0,0,0.0,0.0
2024-01-08,Agent_008,Agent_008,Support B,7,6.35,0.8955,0.669,0,50,46,3,310,27,24,29,0.7172,9,8,307,0.6435,0,8,7,16,17,0.8199,0.7735
2024-01-08,Agent_009,Agent_009,Support B,8,7.52,0.8951,0.7188,0,60,50,10,375,42,53,25,0.7362,8,7,613,0.4871,1,17,13,15,19,0.9343,0.8791
2024-01-08,Agent_010,Agent_010,Support B,7,6.28,0.8933,0.7904,0,35,33,2,349,41,44,25,0.7362,14,13,457,0.5668,0,15,15,19,19,0.862,0.7384
2024-01-08,Agent_011,Agent_011,Billing,8,7.42,0.933,0.6877,0,25,20,5,251,52,32,25,0.775,11,10,413,0.6406,0,12,9,17,20,0.8639,0.8639
2024-01-08,Agent_012,Agent_012,Billing,9,8.93,0.9368,0.834,0,49,40,8,398,39,62,28,0.76,24,22,471,0.6083,4,13,10,1,4,0.9303,0.8961
2024-01-08,Agent_013,Agent_013,Billing,7,6.95,0.8995,0.8713,0,56,47,8,283,47,48,36,0.72,5,4,370,0.6644,0,14,11,14,17,0.8509,0.7703
2024-01-08,Agent_014,Agent_014,Billing,7,6.37,0.9758,0.6788,0,60,54,5,365,34,53,16,0.82,19,17,420,0.6367,2,9,7,1,3,0.8851,0.7205
2024-01-08,Agent_015,Agent_015,Billing,6,5.87,0.9767,0.7814,0,46,41,5,340,28,38,17,0.815,21,19,382,0.6578,1,16,14,2,4,0.8542,0.7432
2024-01-08,Agent_016,Agent_016,Tech Support,8,8.15,0.8548,0.7827,0,49,47,2,247,40,17,17,0.7335,10,8,446,0.5476,0,10,9,0,1,0.8313,0.7842
2024-01-08,Agent_017,Agent_017,Tech Support,8,7.6,0.8789,0.7806,0,57,52,5,337,39,25,11,0.7605,19,15,311,0.6136,1,14,14,7,7,0.8165,0.8156
2024-01-08,Agent_018,Agent_018,Tech Support,8,7.58,0.8874,0.9911,0,47,41,6,352,40,27,25,0.6975,21,18,424,0.5583,1,5,5,10,10,0.8762,0.7869
2024-01-08,Agent_019,Agent_019,Tech Support,7,0.0,0.8608,0.7612,1,0,0,0,0,0,0,0,0.0,0,0,0,0.0,0,0,0,0,0,0.0,0.0
2024-01-08,Agent_020,Agent_020,Tech Support,7,6.87,0.8568,0.9058,0,20,19,0,239,46,47,24,0.702,16,14,526,0.5084,0,5,5,11,11,0.7604,0.8421
2024-01-09,Agent_001,Agent_001,Support A,8,7.16,0.9066,0.8521,0,25,23,1,285,36,36,23,0.8243,24,19,419,0.6627,2,11,10,5,6,0.9771,0.8866
2024-01-09,Agent_002,Agent_002,Support A,7,6.33,0.9401,0.6918,0,60,53,6,313,57,59,28,0.798,19,17,350,0.7026,1,11,10,10,11,0.8926,0.8535
2024-01-09,Agent_003,Agent_003,Support A,8,8.02,0.9828,0.768,0,22,19,2,352,35,51,23,0.8243,23,19,505,0.613,1,12,9,17,20,0.99,0.7007
2024-01-09,Agent_004,Agent_004,Support A,8,7.29,0.9684,0.7983,0,55,49,6,318,38,56,10,0.8925,14,11,356,0.6991,1,14,12,16,18,0.9303,0.7396
2024-01-09,Agent_005,Agent_005,Support A,8,7.28,0.8819,0.7364,0,39,32,7,385,46,40,21,0.8348,8,7,520,0.6044,0,19,17,16,18,0.849,0.8206
2024-01-09,Agent_006,Agent_006,Support B,8,8.13,0.902,0.8894,0,26,21,4,297,39,18,13,0.7932,11,10,523,0.5331,0,8,7,0,1,0.7376,0.9005
2024-01-09,Agent_007,Agent_007,Support B,8,7.09,0.8979,0.8648,0,33,30,3,220,24,46,27,0.7268,20,17,568,0.5101,2,15,13,19,21,0.8711,0.7127
2024-01-09,Agent_008,Agent_008,Support B,9,8.89,0.8923,0.7504,0,20,17,2,389,64,40,42,0.6555,14,13,501,0.5443,1,10,9,13,14,0.8452,0.7602
2024-01-09,Agent_009,Agent_009,Support B,8,7.79,0.897,0.8839,0,29,27,1,311,42,53,42,0.6555,17,15,587,0.5004,1,10,8,11,13,0.8436,0.8368
2024-01-09,Agent_010,Agent_010,Support B,7,7.07,0.956,0.8065,0,47,40,6,367,42,25,12,0.798,20,17,290,0.6522,2,14,12,8,10,0.7878,0.8564
2024-01-09,Agent_011,Agent_011,Billing,8,0.0,0.9473,0.8968,1,0,0,0,0,0,0,0,0.0,0,0,0,0.0,0,0,0,0,0,0.0,0.0
2024-01-09,Agent_012,Agent_012,Billing,8,8.08,0.8749,0.8124,0,39,34,4,339,44,47,22,0.79,12,10,301,0.7028,2,13,11,18,20,0.99,0.8329
2024-01-09,Agent_013,Agent_013,Billing,8,7.04,0.8958,0.9097,0,24,23,0,326,44,34,13,0.835,20,18,324,0.69,3,6,4,3,5,0.9814,0.6981
2024-01-09,Agent_014,Agent_014,Billing,8,7.19,0.9574,0.8538,0,27,23,4,361,30,26,18,0.81,8,7,489,0.5983,0,5,4,6,7,0.9271,0.6483
2024-01-09,Agent_015,Agent_015,Billing,8,8.05,0.8878,0.7728,0,40,37,3,308,37,54,19,0.805,5,4,683,0.4906,0,6,6,7,7,0.7776,0.7739
2024-01-09,Agent_016,Agent_016,Tech Support,7,6.47,0.8129,0.9553,0,28,23,4,297,23,81,41,0.6255,17,16,504,0.5192,0,14,13,6,7,0.9464,0.7797
2024-01-09,Agent_017,Agent_017,Tech Support,8,7.73,0.8908,0.695,0,57,47,9,366,41,45,19,0.7245,20,17,367,0.5862,0,8,6,12,14,0.7819,0.6983
2024-01-09,Agent_018,Agent_018,Tech Support,6,5.78,0.9595,0.9691,0,48,41,7,283,29,40,14,0.747,24,21,589,0.4776,0,18,14,0,4,0.9062,0.8351
2024-01-09,Agent_019,Agent_019,Tech Support,8,7.8,0.8969,0.8732,0,23,20,2,327,43,38,23,0.7065,15,13,588,0.4781,0,11,10,19,20,0.8479,0.7329
2024-01-09,Agent_020,Agent_020,Tech Support,7,6.59,0.8524,0.74,0,25,23,2,366,27,58,35,0.6525,19,17,521,0.5109,1,18,14,10,14,0.8763,0.9074
2024-01-10,Agent_001,Agent_001,Support A,8,7.04,0.9345,0.716,0,35,31,3,359,45,34,20,0.84,13,10,542,0.5916,2,12,12,9,9,0.9286,0.8013
2024-01-10,Agent_002,Agent_002,Support A,7,7.05,0.9029,0.8051,0,21,17,3,264,38,29,40,0.735,18,15,533,0.5968,1,6,6,3,3,0.99,0.8831
2024-01-10,Agent_003,Agent_003,Support A,7,6.33,0.9298,0.7916,0,51,44,6,289,23,37,37,0.7508,19,17,545,0.5899,1,5,3,7,9,0.8345,0.7768
2024-01-10,Agent_004,Agent_004,Support A,7,6.62,0.9652,0.8368,0,44,36,8,318,30,55,19,0.8453,17,15,357,0.6985,2,19,15,16,20,0.9122,0.7199
2024-01-10,Agent_005,Agent_005,Support A,8,7.23,0.9532,0.8503,0,53,47,5,331,35,47,42,0.7245,20,19,431,0.6558,1,15,11,12,16,0.99,0.8272
2024-01-10,Agent_006,Agent_006,Support B,9,8.45,0.882,0.8723,0,42,35,6,248,51,43,36,0.684,13,11,500,0.5448,0,12,11,16,17,0.8718,0.8361
2024-01-10,Agent_007,Agent_007,Support B,7,6.67,0.9244,0.807,0,44,37,6,353,33,63,31,0.7077,5,4,612,0.4876,0,14,11,6,9,0.8927,0.8502
2024-01-10,Agent_008,Agent_008,Support B,8,7.31,0.8339,0.8534,0,49,44,4,320,34,43,22,0.7505,12,9,539,0.5249,0,10,7,16,19,0.7757,0.7716
2024-01-10,Agent_009,Agent_009,Support B,8,7.86,0.9062,0.7835,0,24,22,2,358,46,63,11,0.8027,13,12,182,0.7074,1,10,10,4,4,0.8276,0.8467
2024-01-10,Agent_010,Agent_010,Support B,6,5.31,0.9609,0.7647,0,64,55,8,276,63,57,29,0.7172,6,5,346,0.6236,1,11,8,3,6,0.804,0.79
2024-01-10,Agent_011,Agent_011,Billing,7,6.26,0.9339,0.7778,0,57,53,3,264,23,11,33,0.735,19,18,632,0.5189,3,6,5,7,8,0.9752,0.7696
2024-01-10,Agent_012,Agent_012,Billing,7,6.98,0.9514,0.7713,0,62,52,10,310,37,26,27,0.765,21,18,368,0.6656,2,11,11,17,17,0.8685,0.743
2024-01-10,Agent_013,Agent_013,Billing,7,0.0,0.9135,0.9856,1,0,0,0,0,0,0,0,0.0,0,0,0,0.0,0,0,0,0,0,0.0,0.0
2024-01-10,Agent_014,Agent_014,Billing,7,6.74,0.8913,0.8067,0,39,34,4,210,41,60,31,0.745,7,5,571,0.5528,1,15,11,3,7,0.99,0.742
2024-01-10,Agent_015,Agent_015,Billing,8,7.88,0.8719,0.7271,0,69,57,11,321,53,27,26,0.77,22,18,487,0.5994,1,11,9,6,8,0.8797,0.7444
2024-01-10,Agent_016,Agent_016,Tech Support,8,7.47,0.8874,0.8499,0,57,50,7,363,34,28,42,0.621,19,15,397,0.5715,2,12,11,4,5,0.8134,0.7631
2024-01-10,Agent_017,Agent_017,Tech Support,8,0.0,0.8709,0.8355,1,0,0,0,0,0,0,0,0.0,0,0,0,0.0,0,0,0,0,0,0.0,0.0
2024-01-10,Agent_018,Agent_018,Tech Support,8,7.22,0.9134,0.8007,0,66,61,4,340,50,55,48,0.594,16,15,354,0.5925,1,10,7,16,19,0.8155,0.8277
2024-01-10,Agent_019,Agent_019,Tech Support,6,5.51,0.8656,0.6843,0,26,24,2,215,31,47,43,0.6165,17,15,362,0.5886,2,18,15,1,4,0.9152,0.6816
2024-01-10,Agent_020,Agent_020,Tech Support,9,9.04,0.8844,0.7229,0,26,24,1,364,34,39,29,0.6795,13,11,339,0.5999,1,5,4,19,20,0.7612,0.6977
2024-01-11,Agent_001,Agent_001,Support A,8,7.3,0.9303,0.82,0,33,30,3,255,29,56,17,0.8558,18,16,477,0.6292,0,19,18,8,9,0.9577,0.7014
2024-01-11,Agent_002,Agent_002,Support A,8,7.89,0.9853,0.6474,0,39,36,3,342,37,57,7,0.9083,13,12,428,0.6575,1,5,4,3,4,0.8742,0.6987
2024-01-11,Agent_003,Agent_003,Support A,8,8.06,0.9214,0.8591,0,26,23,3,291,49,58,10,0.8925,7,6,401,0.6731,0,9,8,15,16,0.99,0.8455
2024-01-11,Agent_004,Agent_004,Support A,6,5.7,0.9395,0.7018,0,22,18,3,395,33,40,22,0.8295,13,12,293,0.7355,1,13,11,1,3,0.8978,0.825
2024-01-11,Agent_005,Agent_005,Support A,6,5.99,0.9627,0.7907,0,36,30,5,380,43,31,18,0.8505,11,9,464,0.6367,0,9,8,2,3,0.9197,0.7241
2024-01-11,Agent_006,Agent_006,Support B,8,8.04,0.8879,0.8675,0,32,29,2,311,28,36,38,0.6745,22,18,363,0.6149,1,6,4,0,2,0.7894,0.6531
2024-01-11,Agent_007,Agent_007,Support B,6,5.69,0.8511,0.9329,0,57,54,2,260,48,43,50,0.6175,9,8,359,0.6169,1,13,10,2,5,0.7799,0.8267
2024-01-11,Agent_008,Agent_008,Support B,6,0.0,0.891,0.7918,1,0,0,0,0,0,0,0,0.0,0,0,0,0.0,0,0,0,0,0,0.0,0.0
2024-01-11,Agent_009,Agent_009,Support B,8,0.0,0.9045,0.7842,1,0,0,0,0,0,0,0,0.0,0,0,0,0.0,0,0,0,0,0,0.0,0.0
2024-01-11,Agent_010,Agent_010,Support B,8,7.12,0.8684,0.8138,0,47,43,3,312,41,38,24,0.741,17,16,460,0.5653,1,7,6,15,16,0.7601,0.676
2024-01-11,Agent_011,Agent_011,Billing,7,6.45,0.9621,0.808,0,58,51,7,305,53,67,16,0.82,18,14,350,0.6756,1,14,10,6,10,0.99,0.7953
2024-01-11,Agent_012,Agent_012,Billing,8,7.36,0.9286,0.6958,0,45,42,2,362,35,34,26,0.77,15,14,459,0.615,0,13,11,15,17,0.9085,0.7388
2024-01-11,Agent_013,Agent_013,Billing,8,0.0,0.9277,0.8884,1,0,0,0,0,0,0,0,0.0,0,0,0,0.0,0,0,0,0,0,0.0,0.0
2024-01-11,Agent_014,Agent_014,Billing,8,7.05,0.9906,0.6809,0,28,24,4,310,53,57,41,0.695,24,22,473,0.6072,2,8,6,4,6,0.8765,0.785
2024-01-11,Agent_015,Agent_015,Billing,8,7.41,0.9147,0.7831,0,25,23,1,375,43,38,29,0.755,11,10,310,0.6978,0,18,14,0,4,0.9329,0.7972
2024-01-11,Agent_016,Agent_016,Tech Support,8,7.8,0.8475,0.7728,0,34,28,5,364,48,45,31,0.6705,20,19,555,0.4943,1,18,13,11,16,0.7777,0.7824
2024-01-11,Agent_017,Agent_017,Tech Support,8,7.97,0.9161,0.7826,0,52,42,10,313,33,48,37,0.6435,19,17,481,0.5304,3,19,14,18,23,0.8555,0.7238
2024-01-11,Agent_018,Agent_018,Tech Support,7,7.03,0.8769,0.839,0,40,38,1,409,54,45,30,0.675,24,21,305,0.6165,3,10,8,16,18,0.7934,0.7451
2024-01-11,Agent_019,Agent_019,Tech Support,9,8.78,0.8692,0.9472,0,30,24,6,286,62,41,26,0.693,15,13,465,0.5383,1,9,8,1,2,0.754,0.7987
2024-01-11,Agent_020,Agent_020,Tech Support,8,7.11,0.867,0.7305,0,26,22,3,370,35,59,32,0.666,22,21,482,0.53,1,14,12,19,21,0.8469,0.9337
2024-01-12,Agent_001,Agent_001,Support A,8,7.32,0.9626,0.8142,0,54,45,8,380,39,61,14,0.8715,14,11,547,0.5888,1,19,16,14,17,0.9014,0.7768
2024-01-12,Agent_002,Agent_002,Support A,8,7.95,0.924,0.7849,0,47,45,2,335,44,16,26,0.8085,6,5,453,0.6431,0,10,8,4,6,0.8568,0.7723
2024-01-12,Agent_003,Agent_003,Support A,8,7.68,0.9023,0.8257,0,65,60,4,295,48,49,30,0.7875,14,12,537,0.5945,0,9,8,4,5,0.8537,0.707
2024-01-12,Agent_004,Agent_004,Support A,8,7.21,0.9629,0.8688,0,69,66,2,320,38,28,44,0.714,7,6,299,0.732,1,13,13,3,3,0.8698,0.83
2024-01-12,Agent_005,Agent_005,Support A,6,5.77,0.8693,0.7761,0,26,22,3,392,47,71,20,0.84,17,15,469,0.6338,1,13,13,7,7,0.8624,0.79
2024-01-12,Agent_006,Agent_006,Support B,7,6.3,0.915,0.6705,0,27,23,4,284,35,3,26,0.7315,16,13,512,0.5387,0,15,14,17,18,0.794,0.7612
2024-01-12,Agent_007,Agent_007,Support B,7,7.05,0.8679,0.8216,0,62,59,2,408,35,50,35,0.6888,13,12,329,0.6322,1,19,15,12,16,0.8293,0.7032
2024-01-12,Agent_008,Agent_008,Support B,7,6.66,0.8535,0.7929,0,31,29,2,291,41,49,4,0.836,18,15,415,0.5883,0,8,6,15,17,0.8093,0.8803
2024-01-12,Agent_009,Agent_009,Support B,7,6.61,0.9003,0.7757,0,67,59,8,386,21,61,26,0.7315,15,13,527,0.531,0,12,9,2,5,0.7767,0.7754
2024-01-12,Agent_010,Agent_010,Support B,7,6.8,0.8889,0.7405,0,51,46,4,426,37,48,12,0.798,8,7,363,0.6149,0,19,17,4,6,0.7699,0.7979
2024-01-12,Agent_011,Agent_011,Billing,8,8.03,0.9741,0.874,0,55,49,5,276,31,37,16,0.82,17,14,499,0.5928,1,13,10,16,19,0.9188,0.7253
2024-01-12,Agent_012,Agent_012,Billing,8,7.49,0.9472,0.77,0,54,47,6,244,38,34,7,0.865,22,19,244,0.7344,3,9,7,0,2,0.8838,0.7468
2024-01-12,Agent_013,Agent_013,Billing,8,7.44,0.9887,0.7614,0,34,32,2,255,33,50,31,0.745,6,5,439,0.6261,0,16,14,7,9,0.9179,0.698
2024-01-12,Agent_014,Agent_014,Billing,6,6.05,0.8967,0.7779,0,48,45,3,268,27,73,10,0.85,20,19,655,0.5061,0,11,10,0,1,0.9349,0.7126
2024-01-12,Agent_015,Agent_015,Billing,8,7.4,0.8747,0.7575,0,46,42,4,307,39,41,21,0.795,20,17,506,0.5889,0,5,4,4,5,0.99,0.698
2024-01-12,Agent_016,Agent_016,Tech Support,8,7.38,0.8904,0.8376,0,44,36,7,357,35,32,27,0.6885,19,15,581,0.4816,1,16,14,6,8,0.8322,0.7757
2024-01-12,Agent_017,Agent_017,Tech Support,7,7.01,0.8974,0.7773,0,32,30,2,301,29,57,25,0.6975,20,16,343,0.5979,0,5,5,10,10,0.8775,0.8428
2024-01-12,Agent_018,Agent_018,Tech Support,8,7.61,0.8462,0.8276,0,40,36,4,402,43,41,26,0.693,10,9,494,0.5241,0,17,15,15,17,0.8721,0.7081
2024-01-12,Agent_019,Agent_019,Tech Support,8,7.08,0.8822,0.8828,0,62,51,11,271,45,57,13,0.7515,13,10,479,0.5314,1,17,15,19,21,0.9123,0.718
2024-01-12,Agent_020,Agent_020,Tech Support,7,6.23,0.8867,0.8257,0,67,58,8,270,28,71,44,0.612,22,18,495,0.5236,1,9,9,14,14,0.9537,0.8329
2024-01-13,Agent_001,Agent_001,Support A,7,6.45,0.968,0.8654,0,52,49,3,382,46,40,22,0.8295,20,16,446,0.6471,2,7,6,15,16,0.921,0.7403
2024-01-13,Agent_002,Agent_002,Support A,7,6.25,0.9047,0.8332,0,53,50,2,349,37,72,19,0.8453,6,4,537,0.5945,0,15,13,3,5,0.832,0.7377
2024-01-13,Agent_003,Agent_003,Support A,7,6.82,0.9318,0.8786,0,32,29,3,286,37,44,29,0.7928,19,16,455,0.6419,0,7,6,6,7,0.9807,0.7853
2024-01-13,Agent_004,Agent_004,Support A,8,0.0,0.9501,0.7786,1,0,0,0,0,0,0,0,0.0,0,0,0,0.0,0,0,0,0,0,0.0,0.0
2024-01-13,Agent_005,Agent_005,Support A,8,7.36,0.9194,0.7993,0,69,63,6,348,50,45,33,0.7718,23,21,434,0.654,2,10,9,16,17,0.8687,0.7667
2024-01-13,Agent_006,Agent_006,Support B,9,8.43,0.9054,0.6401,0,32,28,3,337,33,59,18,0.7695,6,5,460,0.5653,1,6,5,14,15,0.8309,0.8935
2024-01-13,Agent_007,Agent_007,Support B,8,7.1,0.8381,0.757,0,63,53,10,333,48,45,22,0.7505,8,7,297,0.6486,2,18,16,7,9,0.802,0.6879
2024-01-13,Agent_008,Agent_008,Support B,8,7.68,0.8749,0.8739,0,68,65,2,351,42,47,11,0.8027,23,20,449,0.5709,3,12,10,17,19,0.6715,0.8476
2024-01-13,Agent_009,Agent_009,Support B,8,7.05,0.9027,0.6021,0,49,42,6,389,44,41,16,0.779,23,22,524,0.5326,3,12,11,6,7,0.8341,0.782
2024-01-13,Agent_010,Agent_010,Support B,6,0.0,0.9065,0.8115,1,0,0,0,0,0,0,0,0.0,0,0,0,0.0,0,0,0,0,0,0.0,0.0
2024-01-13,Agent_011,Agent_011,Billing,8,7.71,0.9114,0.6884,0,50,47,3,331,37,42,38,0.71,24,23,374,0.6622,1,11,8,9,12,0.7955,0.7959
2024-01-13,Agent_012,Agent_012,Billing,8,7.91,0.8945,0.9096,0,66,62,4,284,32,57,49,0.655,9,7,388,0.6544,0,17,16,13,14,0.8791,0.7724
2024-01-13,Agent_013,Agent_013,Billing,8,7.27,0.9516,0.9216,0,33,29,3,361,28,47,35,0.725,17,14,343,0.6794,1,19,15,8,12,0.8435,0.8181
2024-01-13,Agent_014,Agent_014,Billing,9,0.0,0.9554,0.8525,1,0,0,0,0,0,0,0,0.0,0,0,0,0.0,0,0,0,0,0,0.0,0.0
2024-01-13,Agent_015,Agent_015,Billing,8,8.15,0.9355,0.9832,0,35,29,5,340,47,56,29,0.755,20,18,233,0.7406,0,16,15,5,6,0.9491,0.7077
2024-01-13,Agent_016,Agent_016,Tech Support,7,6.75,0.8924,0.7182,0,32,27,4,284,36,45,28,0.684,11,9,517,0.5128,1,6,5,7,8,0.831,0.7315
2024-01-13,Agent_017,Agent_017,Tech Support,8,7.79,0.9134,0.5,0,52,45,6,336,44,75,25,0.6975,9,7,447,0.5471,1,14,11,13,16,0.859,0.6893
2024-01-13,Agent_018,Agent_018,Tech Support,8,0.0,0.8794,0.9299,1,0,0,0,0,0,0,0,0.0,0,0,0,0.0,0,0,0,0,0,0.0,0.0
2024-01-13,Agent_019,Agent_019,Tech Support,8,8.05,0.8631,0.8284,0,40,33,6,232,29,12,36,0.648,11,10,515,0.5138,0,15,11,18,22,0.8348,0.7838
2024-01-13,Agent_020,Agent_020,Tech Support,7,6.19,0.8333,0.7389,0,26,22,3,376,33,33,23,0.7065,11,9,470,0.5358,1,18,13,16,21,0.9605,0.8711
2024-01-14,Agent_001,Agent_001,Support A,8,7.58,0.8943,0.7413,0,23,20,3,373,32,47,22,0.8295,12,11,320,0.7199,1,6,6,13,13,0.971,0.7262
2024-01-14,Agent_002,Agent_002,Support A,8,7.69,0.8821,0.8041,0,53,46,6,324,17,66,21,0.8348,10,8,495,0.6188,0,12,12,7,7,0.99,0.7944
2024-01-14,Agent_003,Agent_003,Support A,7,6.29,0.9099,0.8187,0,64,61,3,362,48,45,14,0.8715,23,21,470,0.6332,0,7,5,16,18,0.8467,0.7649
2024-01-14,Agent_004,Agent_004,Support A,8,7.59,0.9082,0.8705,0,24,21,3,338,33,67,31,0.7823,24,19,372,0.6899,1,5,4,3,4,0.9656,0.7381
2024-01-14,Agent_005,Agent_005,Support A,8,7.21,0.8713,0.8114,0,58,54,3,380,37,45,21,0.8348,14,12,428,0.6575,0,16,12,10,14,0.9121,0.7973
2024-01-14,Agent_006,Agent_006,Support B,6,5.99,0.9161,0.7422,0,26,24,1,299,34,14,31,0.7077,9,7,77,0.761,0,17,13,0,4,0.8866,0.793
2024-01-14,Agent_007,Agent_007,Support B,8,7.73,0.9054,0.9317,0,33,29,4,349,44,66,14,0.7885,10,9,448,0.5714,2,12,9,12,15,0.8227,0.9214
2024-01-14,Agent_008,Agent_008,Support B,9,8.42,0.8949,0.7634,0,55,50,5,289,48,34,12,0.798,8,7,493,0.5484,1,8,6,14,16,0.851,0.7113
2024-01-14,Agent_009,Agent_009,Support B,8,7.13,0.8698,0.8674,0,43,41,1,208,25,48,23,0.7458,16,13,307,0.6435,1,11,11,3,3,0.8587,0.7693
2024-01-14,Agent_010,Agent_010,Support B,8,7.72,0.9427,0.8415,0,65,59,5,315,41,49,41,0.6603,15,14,340,0.6266,1,9,7,8,10,0.7524,0.7811
2024-01-14,Agent_011,Agent_011,Billing,7,6.16,0.9019,0.7408,0,52,49,3,387,35,30,26,0.77,23,19,509,0.5872,0,18,18,15,15,0.99,0.7537
2024-01-14,Agent_012,Agent_012,Billing,7,6.36,0.8991,0.8863,0,33,29,4,311,39,49,8,0.86,24,21,502,0.5911,0,14,13,4,5,0.99,0.7616
2024-01-14,Agent_013,Agent_013,Billing,8,7.16,0.8918,0.8384,0,43,40,2,375,50,60,20,0.8,23,19,431,0.6306,0,12,10,0,2,0.9475,0.8344
2024-01-14,Agent_014,Agent_014,Billing,9,8.62,0.9252,0.8139,0,55,47,7,357,63,38,25,0.775,15,12,532,0.5744,1,19,16,9,12,0.892,0.7712
2024-01-14,Agent_015,Agent_015,Billing,8,7.18,0.9716,0.756,0,41,38,3,287,41,28,23,0.785,23,19,394,0.6511,1,8,7,10,11,0.8452,0.8297
2024-01-14,Agent_016,Agent_016,Tech Support,7,6.93,0.8285,0.7316,0,28,25,3,346,53,40,17,0.7335,12,11,420,0.5603,1,19,19,19,19,0.8521,0.7303
2024-01-14,Agent_017,Agent_017,Tech Support,8,7.22,0.8921,0.8265,0,57,55,1,337,43,59,25,0.6975,7,6,547,0.4982,1,6,5,16,17,0.8698,0.7946
2024-01-14,Agent_018,Agent_018,Tech Support,9,9.02,0.8876,0.7591,0,22,20,1,382,48,32,12,0.756,7,6,538,0.5026,1,8,6,2,4,0.8576,0.7844
2024-01-14,Agent_019,Agent_019,Tech Support,7,6.74,0.901,0.8172,0,34,29,4,273,47,39,20,0.72,23,22,414,0.5632,2,10,10,0,0,0.9342,0.793
2024-01-14,Agent_020,Agent_020,Tech Support,6,5.42,0.8534,0.7776,0,59,50,9,259,39,30,27,0.6885,10,8,256,0.6404,0,12,10,12,14,0.8509,0.7602
2024-01-15,Agent_001,Agent_001,Support A,6,5.59,0.9034,0.7197,0,23,20,2,297,31,33,33,0.7718,12,11,438,0.6517,1,19,17,19,21,0.9201,0.6872
2024-01-15,Agent_002,Agent_002,Support A,8,7.17,0.9407,0.7554,0,67,64,2,373,47,34,33,0.7718,22,20,264,0.7523,0,13,10,19,22,0.9143,0.8227
2024-01-15,Agent_003,Agent_003,Support A,8,7.54,0.9519,0.8779,0,31,27,3,265,37,36,24,0.819,18,16,502,0.6148,2,17,17,12,12,0.9257,0.7843
2024-01-15,Agent_004,Agent_004,Support A,9,9.03,0.9511,0.8299,0,20,17,2,366,47,36,35,0.7613,18,14,576,0.572,1,7,6,12,13,0.8903,0.7614
2024-01-15,Agent_005,Agent_005,Support A,8,7.74,0.9002,0.8646,0,22,19,3,311,42,60,35,0.7613,17,14,554,0.5847,1,19,16,11,14,0.951,0.8782
2024-01-15,Agent_006,Agent_006,Support B,7,6.98,0.9225,0.8039,0,50,42,7,430,29,52,44,0.646,8,7,537,0.5259,1,14,13,7,8,0.7996,0.7125
2024-01-15,Agent_007,Agent_007,Support B,7,6.85,0.9039,0.8117,0,37,35,2,252,44,62,33,0.6982,14,11,543,0.5229,1,5,4,1,2,0.7893,0.7892
2024-01-15,Agent_008,Agent_008,Support B,8,8.02,0.881,0.7682,0,28,26,2,335,52,68,43,0.6508,12,11,433,0.5791,1,7,5,11,13,0.8061,0.7779
2024-01-15,Agent_009,Agent_009,Support B,8,7.05,0.8908,0.7785,0,36,34,1,306,36,29,14,0.7885,17,15,439,0.576,1,5,5,14,14,0.7342,0.7357
2024-01-15,Agent_010,Agent_010,Support B,8,7.54,0.8608,0.7387,0,34,31,2,348,49,51,20,0.76,12,11,318,0.6379,0,12,11,3,4,0.7427,0.7553
2024-01-15,Agent_011,Agent_011,Billing,9,9.18,0.9576,0.6903,0,35,32,2,335,38,29,15,0.825,13,10,525,0.5783,1,13,12,17,18,0.8153,0.7859
2024-01-15,Agent_012,Agent_012,Billing,8,8.04,0.8711,0.9097,0,36,34,2,308,37,34,16,0.82,14,13,485,0.6006,1,11,9,7,9,0.8164,0.8588
2024-01-15,Agent_013,Agent_013,Billing,8,7.91,0.9084,0.7369,0,51,47,4,292,43,27,23,0.785,21,20,509,0.5872,1,9,6,16,19,0.99,0.7372
2024-01-15,Agent_014,Agent_014,Billing,8,7.22,0.9743,0.8685,0,42,40,2,429,45,52,23,0.785,24,21,485,0.6006,1,5,5,5,5,0.7607,0.6886
2024-01-15,Agent_015,Agent_015,Billing,8,7.06,0.899,0.8954,0,21,19,1,332,32,42,16,0.82,12,10,549,0.565,1,6,5,14,15,0.8176,0.8471
2024-01-15,Agent_016,Agent_016,Tech Support,8,7.65,0.8754,0.8499,0,60,58,1,285,30,58,31,0.6705,10,8,601,0.4718,0,17,15,8,10,0.7374,0.8377
2024-01-15,Agent_017,Agent_017,Tech Support,8,7.56,0.8426,0.6804,0,45,41,3,346,53,66,23,0.7065,16,15,400,0.57,0,15,12,18,21,0.8568,0.9174
2024-01-15,Agent_018,Agent_018,Tech Support,8,7.73,0.8419,0.7344,0,62,53,8,267,35,70,25,0.6975,9,8,436,0.5524,0,8,6,16,18,0.7764,0.8287
2024-01-15,Agent_019,Agent_019,Tech Support,8,7.23,0.8319,0.7293,0,55,48,6,319,24,36,33,0.6615,7,6,484,0.529,0,14,14,5,5,0.9055,0.7746
2024-01-15,Agent_020,Agent_020,Tech Support,9,9.08,0.8833,0.77,0,43,39,3,402,52,53,31,0.6705,14,13,357,0.5911,0,16,16,11,11,0.839,0.7568
2024-01-16,Agent_001,Agent_001,Support A,7,6.59,0.9648,0.8807,0,26,24,2,375,30,46,22,0.8295,13,11,464,0.6367,0,8,6,15,17,0.9133,0.7388
2024-01-16,Agent_002,Agent_002,Support A,7,6.56,0.9944,0.7852,0,41,39,2,302,44,28,17,0.8558,24,22,398,0.6748,1,16,12,9,13,0.9059,0.695
2024-01-16,Agent_003,Agent_003,Support A,8,7.34,0.9625,0.7727,0,43,39,4,307,48,47,16,0.861,22,19,577,0.5714,1,17,17,16,16,0.8879,0.7224
2024-01-16,Agent_004,Agent_004,Support A,8,7.37,0.9753,0.9447,0,58,49,8,277,26,22,24,0.819,7,5,503,0.6142,1,5,3,18,20,0.9469,0.7009
2024-01-16,Agent_005,Agent_005,Support A,6,6.09,0.9101,0.7953,0,59,52,6,327,44,47,17,0.8558,6,5,621,0.546,0,7,6,8,9,0.9324,0.7837
2024-01-16,Agent_006,Agent_006,Support B,9,8.03,0.9034,0.7909,0,52,47,4,263,48,39,44,0.646,8,7,390,0.6011,2,5,3,0,2,0.7419,0.7703
2024-01-16,Agent_007,Agent_007,Support B,8,8.13,0.894,0.8299,0,41,36,4,270,62,36,21,0.7552,11,9,376,0.6082,1,8,6,6,8,0.8157,0.6905
2024-01-16,Agent_008,Agent_008,Support B,8,7.88,0.8537,0.7084,0,27,25,1,371,23,61,22,0.7505,5,4,391,0.6006,1,6,5,7,8,0.9129,0.6948
2024-01-16,Agent_009,Agent_009,Support B,8,7.21,0.8602,0.7458,0,54,51,3,323,39,33,22,0.7505,23,22,421,0.5852,1,6,5,16,17,0.8563,0.7953
2024-01-16,Agent_010,Agent_010,Support B,8,7.51,0.892,0.7378,0,49,41,7,318,54,43,31,0.7077,21,19,598,0.4948,4,15,12,11,14,0.7946,0.7781
2024-01-16,Agent_011,Agent_011,Billing,8,7.42,0.8677,0.8648,0,37,31,6,275,43,43,14,0.83,20,19,496,0.5944,1,15,12,15,18,0.8275,0.7645
2024-01-16,Agent_012,Agent_012,Billing,7,6.5,0.9721,0.7217,0,43,36,6,303,41,38,32,0.74,18,16,597,0.5383,2,11,10,14,15,0.9499,0.7874
2024-01-16,Agent_013,Agent_013,Billing,9,8.16,0.9351,0.6191,0,51,44,6,267,57,52,41,0.695,7,6,595,0.5394,0,9,6,4,7,0.9313,0.8956
2024-01-16,Agent_014,Agent_014,Billing,8,7.81,0.9259,0.8929,0,57,52,5,362,52,44,26,0.77,6,5,190,0.7644,0,11,11,18,18,0.8993,0.7819
2024-01-16,Agent_015,Agent_015,Billing,9,9.18,0.8753,0.7466,0,68,59,9,301,38,63,21,0.795,5,4,429,0.6317,0,12,10,3,5,0.9643,0.7837
2024-01-16,Agent_016,Agent_016,Tech Support,8,7.39,0.8625,0.742,0,64,53,11,231,49,41,32,0.666,18,15,459,0.5412,2,6,5,6,7,0.8173,0.7297
2024-01-16,Agent_017,Agent_017,Tech Support,7,6.96,0.8427,0.8364,0,39,37,2,378,41,35,36,0.648,7,5,544,0.4996,0,11,11,18,18,0.9145,0.717
2024-01-16,Agent_018,Agent_018,Tech Support,8,8.04,0.8598,0.7374,0,69,56,12,231,48,48,37,0.6435,19,17,455,0.5432,1,17,15,3,5,0.8092,0.6127
2024-01-16,Agent_019,Agent_019,Tech Support,6,5.41,0.9278,0.9941,0,56,46,10,400,27,59,14,0.747,14,12,388,0.5759,2,19,15,13,17,0.7513,0.7626
2024-01-16,Agent_020,Agent_020,Tech Support,8,7.34,0.8688,0.7349,0,43,40,2,320,45,36,38,0.639,9,8,550,0.4967,0,6,4,17,19,0.7431,0.824
2024-01-17,Agent_001,Agent_001,Support A,8,7.94,0.9613,0.7356,0,24,22,1,363,30,46,47,0.6983,23,20,274,0.7465,3,18,13,11,16,0.99,0.8601
2024-01-17,Agent_002,Agent_002,Support A,8,7.39,0.9139,0.7449,0,59,55,4,288,50,40,26,0.8085,17,15,551,0.5864,3,11,8,14,17,0.8984,0.8487
2024-01-17,Agent_003,Agent_003,Support A,8,7.86,0.9136,0.7858,0,65,59,5,336,35,57,26,0.8085,21,19,565,0.5784,2,6,5,17,18,0.99,0.8123
2024-01-17,Agent_004,Agent_004,Support A,6,5.59,0.9165,0.8332,0,59,54,5,301,50,34,40,0.735,17,14,266,0.7511,2,11,9,13,15,0.8886,0.7119
2024-01-17,Agent_005,Agent_005,Support A,8,7.15,0.8681,0.9169,0,53,45,8,402,22,39,28,0.798,13,11,307,0.7274,2,11,9,2,4,0.894,0.819
2024-01-17,Agent_006,Agent_006,Support B,6,6.05,0.8684,0.9483,0,38,35,2,419,32,35,26,0.7315,9,7,368,0.6123,1,19,17,15,17,0.7392,0.6973
2024-01-17,Agent_007,Agent_007,Support B,8,7.84,0.8381,0.7722,0,40,37,3,313,53,35,22,0.7505,6,5,469,0.5607,1,13,13,18,18,0.8499,0.8749
2024-01-17,Agent_008,Agent_008,Support B,8,8.07,0.9426,0.7652,0,48,43,5,264,28,52,28,0.722,19,17,562,0.5132,0,8,6,13,15,0.6963,0.8259
2024-01-17,Agent_009,Agent_009,Support B,8,7.94,0.9145,0.7188,0,48,46,1,391,48,44,27,0.7268,17,14,499,0.5454,1,10,8,18,20,0.7588,0.7704
2024-01-17,Agent_010,Agent_010,Support B,9,8.83,0.8849,0.6348,0,39,37,2,322,41,74,27,0.7268,19,15,535,0.527,2,9,7,3,5,0.8171,0.885
2024-01-17,Agent_011,Agent_011,Billing,8,7.21,0.9457,0.891,0,45,38,7,281,34,26,23,0.785,10,8,407,0.6439,0,15,11,10,14,0.99,0.7971
2024-01-17,Agent_012,Agent_012,Billing,8,7.46,0.9095,0.6834,0,48,44,3,345,41,58,24,0.78,18,16,307,0.6994,1,11,8,7,10,0.9418,0.742
2024-01-17,Agent_013,Agent_013,Billing,6,5.68,0.8871,0.7777,0,20,18,2,392,47,42,41,0.695,8,7,400,0.6478,0,8,6,18,20,0.8887,0.8333
2024-01-17,Agent_014,Agent_014,Billing,8,7.88,0.9242,0.7933,0,59,51,8,318,34,40,10,0.85,13,11,576,0.55,3,14,10,13,17,0.8359,0.8107
2024-01-17,Agent_015,Agent_015,Billing,8,7.36,0.9251,0.737,0,49,41,7,290,24,42,22,0.79,13,12,488,0.5989,0,7,5,4,6,0.9202,0.7942
2024-01-17,Agent_016,Agent_016,Tech Support,6,5.65,0.9251,0.814,0,59,53,6,361,39,22,27,0.6885,21,18,625,0.46,1,18,16,8,10,0.8716,0.7842
2024-01-17,Agent_017,Agent_017,Tech Support,8,7.91,0.8849,0.8409,0,69,62,6,211,20,31,25,0.6975,9,7,327,0.6057,4,18,18,11,11,0.8662,0.7797
2024-01-17,Agent_018,Agent_018,Tech Support,7,6.69,0.9248,0.8109,0,46,42,3,325,26,52,35,0.6525,9,8,364,0.5876,2,19,19,1,1,0.8595,0.7719
2024-01-17,Agent_019,Agent_019,Tech Support,9,8.32,0.8864,0.7709,0,37,30,6,310,54,34,27,0.6885,6,5,468,0.5368,0,15,13,9,11,0.8612,0.9346
2024-01-17,Agent_020,Agent_020,Tech Support,7,6.49,0.9053,0.6993,0,26,22,4,212,32,47,27,0.6885,23,21,303,0.6175,1,10,8,8,10,0.8166,0.7533
2024-01-18,Agent_001,Agent_001,Support A,8,7.04,0.9126,0.8543,0,28,24,4,359,28,61,20,0.84,7,6,381,0.6847,0,7,6,0,1,0.9086,0.828
2024-01-18,Agent_002,Agent_002,Support A,7,6.67,0.995,0.8264,0,45,39,6,308,53,21,29,0.7928,11,9,439,0.6512,1,7,6,0,1,0.9367,0.7251
2024-01-18,Agent_003,Agent_003,Support A,7,6.73,0.9596,0.8417,0,56,46,9,349,36,60,22,0.8295,22,21,635,0.5379,3,11,9,6,8,0.798,0.6744
2024-01-18,Agent_004,Agent_004,Support A,6,6.0,0.8931,0.7975,0,29,26,3,293,47,14,41,0.7298,14,11,327,0.7159,0,15,14,6,7,0.954,0.7214
2024-01-18,Agent_005,Agent_005,Support A,6,5.78,0.9731,0.6812,0,66,56,9,341,30,37,18,0.8505,5,4,459,0.6396,0,10,7,1,4,0.99,0.8573
2024-01-18,Agent_006,Agent_006,Support B,8,8.06,0.9302,0.8102,0,46,38,7,292,16,44,39,0.6698,22,21,734,0.4252,2,10,8,3,5,0.7857,0.7749
2024-01-18,Agent_007,Agent_007,Support B,6,0.0,0.8932,0.912,1,0,0,0,0,0,0,0,0.0,0,0,0,0.0,0,0,0,0,0,0.0,0.0
2024-01-18,Agent_008,Agent_008,Support B,8,7.53,0.9197,0.804,0,64,61,2,330,46,54,26,0.7315,12,10,269,0.6629,0,11,10,17,18,0.8455,0.836
2024-01-18,Agent_009,Agent_009,Support B,6,5.91,0.9101,0.6685,0,60,54,6,292,33,25,17,0.7742,5,4,586,0.5009,0,11,10,5,6,0.716,0.87
2024-01-18,Agent_010,Agent_010,Support B,8,8.14,0.9031,0.8819,0,65,54,11,330,63,52,31,0.7077,9,7,561,0.5137,0,14,10,1,5,0.7987,0.7353
2024-01-18,Agent_011,Agent_011,Billing,8,0.0,0.9609,0.8615,1,0,0,0,0,0,0,0,0.0,0,0,0,0.0,0,0,0,0,0,0.0,0.0
2024-01-18,Agent_012,Agent_012,Billing,8,7.11,0.9043,0.7871,0,47,41,5,447,65,29,28,0.76,20,16,368,0.6656,1,5,4,0,1,0.9062,0.8166
2024-01-18,Agent_013,Agent_013,Billing,8,7.66,0.9132,0.8082,0,35,32,2,356,43,62,22,0.79,10,9,550,0.5644,1,13,10,17,20,0.9333,0.8267
2024-01-18,Agent_014,Agent_014,Billing,8,7.1,0.8938,0.7244,0,62,56,6,309,47,43,24,0.78,6,5,465,0.6117,2,17,15,3,5,0.8428,0.7799
2024-01-18,Agent_015,Agent_015,Billing,8,7.86,0.9109,0.7729,0,44,36,8,334,33,29,17,0.815,22,20,466,0.6111,1,6,5,11,12,0.915,0.8536
2024-01-18,Agent_016,Agent_016,Tech Support,8,7.69,0.8574,0.8471,0,55,50,4,343,63,22,7,0.7785,7,5,398,0.571,1,13,12,5,6,0.806,0.719
2024-01-18,Agent_017,Agent_017,Tech Support,8,7.22,0.8572,0.927,0,20,18,2,379,36,48,34,0.657,8,7,457,0.5422,1,17,15,12,14,0.9035,0.8218
2024-01-18,Agent_018,Agent_018,Tech Support,6,6.04,0.8643,0.7498,0,29,27,2,251,54,54,10,0.765,23,20,322,0.6082,1,17,13,9,13,0.8369,0.7512
2024-01-18,Agent_019,Agent_019,Tech Support,8,7.82,0.859,0.7566,0,22,19,3,185,52,27,3,0.7965,5,4,454,0.5436,0,17,16,13,14,0.8251,0.7636
2024-01-18,Agent_020,Agent_020,Tech Support,6,0.0,0.8971,0.7513,1,0,0,0,0,0,0,0,0.0,0,0,0,0.0,0,0,0,0,0,0.0,0.0
2024-01-19,Agent_001,Agent_001,Support A,7,6.58,0.9807,0.8712,0,42,39,3,323,44,58,18,0.8505,6,5,446,0.6471,1,16,16,13,13,0.8009,0.8271
2024-01-19,Agent_002,Agent_002,Support A,8,7.62,0.9511,0.9169,0,45,40,4,336,45,66,26,0.8085,22,20,487,0.6234,1,7,5,1,3,0.9179,0.8224
2024-01-19,Agent_003,Agent_003,Support A,8,7.99,0.9733,0.8117,0,53,49,4,297,36,50,32,0.777,14,13,505,0.613,0,6,5,13,14,0.9577,0.6924
2024-01-19,Agent_004,Agent_004,Support A,6,5.74,0.9715,0.8706,0,38,36,2,280,52,52,34,0.7665,7,6,656,0.5258,1,6,5,12,13,0.9873,0.7693
2024-01-19,Agent_005,Agent_005,Support A,7,7.06,0.9102,0.8233,0,28,26,1,318,30,52,28,0.798,14,12,632,0.5396,3,10,9,18,19,0.99,0.7768
2024-01-19,Agent_006,Agent_006,Support B,6,5.34,0.8515,0.8834,0,46,38,8,263,34,56,3,0.8407,19,17,509,0.5402,1,10,7,0,3,0.8126,0.7259
2024-01-19,Agent_007,Agent_007,Support B,9,7.99,0.8367,0.7337,0,65,60,5,324,23,27,20,0.76,9,7,367,0.6128,0,16,12,8,12,0.8968,0.7332
2024-01-19,Agent_008,Agent_008,Support B,7,6.36,0.877,0.8467,0,43,37,6,314,17,65,12,0.798,15,13,495,0.5474,0,10,9,17,18,0.9242,0.7316
2024-01-19,Agent_009,Agent_009,Support B,8,7.36,0.8693,0.8746,0,49,40,9,318,43,30,23,0.7458,15,12,482,0.554,3,10,9,15,16,0.8047,0.7838
2024-01-19,Agent_010,Agent_010,Support B,8,7.12,0.9192,0.9042,0,63,59,3,307,33,52,30,0.7125,10,8,656,0.4651,0,16,12,4,8,0.8654,0.7777
2024-01-19,Agent_011,Agent_011,Billing,9,8.69,0.9441,0.7379,0,55,45,9,308,42,61,27,0.765,9,8,455,0.6172,0,17,13,18,22,0.982,0.757
2024-01-19,Agent_012,Agent_012,Billing,8,7.17,0.9279,0.896,0,35,29,6,425,36,45,51,0.645,6,5,392,0.6522,3,19,16,0,3,0.9757,0.8953
2024-01-19,Agent_013,Agent_013,Billing,6,5.78,0.9218,0.8754,0,50,45,5,293,26,25,34,0.73,8,7,423,0.635,0,9,8,10,11,0.99,0.818
2024-01-19,Agent_014,Agent_014,Billing,9,8.29,0.9087,0.8511,0,48,45,3,351,51,72,14,0.83,12,10,378,0.66,0,14,11,2,5,0.8983,0.8849
2024-01-19,Agent_015,Agent_015,Billing,8,8.1,0.9419,0.7924,0,49,47,2,265,31,51,29,0.755,16,13,496,0.5944,2,7,6,6,7,0.8272,0.7185
2024-01-19,Agent_016,Agent_016,Tech Support,8,0.0,0.9049,0.8464,1,0,0,0,0,0,0,0,0.0,0,0,0,0.0,0,0,0,0,0,0.0,0.0
2024-01-19,Agent_017,Agent_017,Tech Support,9,8.12,0.8707,0.9473,0,34,30,4,320,53,56,28,0.684,9,7,564,0.4899,1,14,14,18,18,0.7649,0.7178
2024-01-19,Agent_018,Agent_018,Tech Support,8,0.0,0.9246,0.6224,1,0,0,0,0,0,0,0,0.0,0,0,0,0.0,0,0,0,0,0,0.0,0.0
2024-01-19,Agent_019,Agent_019,Tech Support,8,0.0,0.8861,0.8007,1,0,0,0,0,0,0,0,0.0,0,0,0,0.0,0,0,0,0,0,0.0,0.0
2024-01-19,Agent_020,Agent_020,Tech Support,8,7.17,0.9007,0.902,0,64,55,8,210,42,39,40,0.63,11,10,561,0.4913,1,17,13,3,7,0.8255,0.8324
2024-01-20,Agent_001,Agent_001,Support A,8,8.07,0.9195,0.7102,0,68,58,10,270,47,39,31,0.7823,13,12,400,0.6737,0,16,16,2,2,0.827,0.7379
2024-01-20,Agent_002,Agent_002,Support A,8,7.95,0.987,0.7657,0,40,34,5,316,50,44,27,0.8033,20,16,350,0.7026,3,9,8,17,18,0.9497,0.7337
2024-01-20,Agent_003,Agent_003,Support A,8,7.86,0.9282,0.8632,0,52,48,3,355,31,57,10,0.8925,20,16,492,0.6205,1,5,4,14,15,0.99,0.8199
2024-01-20,Agent_004,Agent_004,Support A,7,6.37,0.9163,0.7038,0,30,25,5,373,24,42,42,0.7245,13,10,471,0.6327,0,6,4,1,3,0.99,0.8276
2024-01-20,Agent_005,Agent_005,Support A,9,8.18,0.9339,0.9375,0,32,27,4,305,39,34,30,0.7875,20,17,501,0.6153,1,17,14,19,22,0.9258,0.7191
2024-01-20,Agent_006,Agent_006,Support B,7,7.1,0.9104,0.9088,0,66,58,7,382,45,48,48,0.627,9,8,603,0.4922,0,7,6,19,20,0.8999,0.764
2024-01-20,Agent_007,Agent_007,Support B,8,7.24,0.8984,0.8352,0,39,35,4,239,35,41,22,0.7505,5,4,499,0.5454,1,17,13,5,9,0.7729,0.785
2024-01-20,Agent_008,Agent_008,Support B,8,7.89,0.9155,0.8176,0,23,21,1,289,32,75,42,0.6555,20,19,282,0.6563,0,19,15,19,23,0.7954,0.7883
2024-01-20,Agent_009,Agent_009,Support B,7,7.01,0.9307,0.8942,0,63,52,10,285,31,41,34,0.6935,10,8,520,0.5346,0,19,18,10,11,0.7803,0.7152
2024-01-20,Agent_010,Agent_010,Support B,7,6.64,0.893,0.8331,0,55,50,4,380,42,37,31,0.7077,8,6,272,0.6614,1,13,10,13,16,0.825,0.7562
2024-01-20,Agent_011,Agent_011,Billing,8,7.51,0.9175,0.8114,0,52,47,4,391,57,47,21,0.795,10,8,666,0.5,1,13,13,2,2,0.8749,0.8203
2024-01-20,Agent_012,Agent_012,Billing,8,0.0,0.9088,0.9667,1,0,0,0,0,0,0,0,0.0,0,0,0,0.0,0,0,0,0,0,0.0,0.0
2024-01-20,Agent_013,Agent_013,Billing,8,7.4,0.9475,0.8339,0,51,46,4,314,54,31,34,0.73,22,18,458,0.6156,1,5,4,15,16,0.9412,0.7581
2024-01-20,Agent_014,Agent_014,Billing,8,7.99,0.9229,0.9502,0,61,55,5,229,24,42,34,0.73,24,21,564,0.5567,3,19,15,18,22,0.8816,0.827
2024-01-20,Agent_015,Agent_015,Billing,8,0.0,0.91,0.8179,1,0,0,0,0,0,0,0,0.0,0,0,0,0.0,0,0,0,0,0,0.0,0.0
2024-01-20,Agent_016,Agent_016,Tech Support,8,8.15,0.8643,0.8194,0,22,20,2,347,54,61,24,0.702,19,15,377,0.5813,5,5,5,10,10,0.8214,0.8432
2024-01-20,Agent_017,Agent_017,Tech Support,6,5.4,0.8686,0.8626,0,29,24,4,256,51,25,13,0.7515,24,21,332,0.6033,1,19,18,3,4,0.8005,0.7428
2024-01-20,Agent_018,Agent_018,Tech Support,7,6.9,0.8497,0.8586,0,41,36,4,357,37,50,31,0.6705,12,11,544,0.4996,0,19,15,8,12,0.7858,0.6768
2024-01-20,Agent_019,Agent_019,Tech Support,8,7.34,0.8295,0.8126,0,55,50,5,293,44,62,15,0.7425,5,4,602,0.4713,0,14,13,3,4,0.9014,0.7911
2024-01-20,Agent_020,Agent_020,Tech Support,6,5.63,0.8779,0.6608,0,56,49,6,329,58,62,36,0.648,14,11,342,0.5984,1,11,11,0,0,0.7666,0.9327
2024-01-21,Agent_001,Agent_001,Support A,8,7.72,0.8976,0.7656,0,20,17,3,430,28,59,28,0.798,13,11,457,0.6408,1,7,7,15,15,0.8678,0.768
2024-01-21,Agent_002,Agent_002,Support A,6,5.55,0.9489,0.9781,0,47,42,5,385,50,38,40,0.735,20,18,381,0.6847,2,11,8,10,13,0.7984,0.8833
2024-01-21,Agent_003,Agent_003,Support A,8,7.69,0.9242,0.7952,0,47,42,4,285,18,30,39,0.7403,22,19,468,0.6344,2,5,4,7,8,0.9249,0.7272
2024-01-21,Agent_004,Agent_004,Support A,8,7.82,0.9165,0.8516,0,38,35,3,330,32,52,27,0.8033,9,8,443,0.6488,0,9,7,3,5,0.9398,0.7063
2024-01-21,Agent_005,Agent_005,Support A,8,8.01,0.914,0.6633,0,29,26,2,333,48,59,33,0.7718,20,19,483,0.6257,3,8,8,18,18,0.99,0.7604
2024-01-21,Agent_006,Agent_006,Support B,8,7.18,0.9257,0.7377,0,50,44,6,265,35,31,25,0.7362,20,17,498,0.5459,2,10,7,10,13,0.8574,0.7824
2024-01-21,Agent_007,Agent_007,Support B,6,5.63,0.8665,0.5375,0,31,26,4,312,22,33,25,0.7362,23,20,395,0.5985,2,13,11,17,19,0.829,0.72
2024-01-21,Agent_008,Agent_008,Support B,8,7.12,0.9321,0.9056,0,20,16,3,339,45,36,25,0.7362,16,13,493,0.5484,1,19,16,3,6,0.8463,0.8073
2024-01-21,Agent_009,Agent_009,Support B,7,6.48,0.9044,0.8496,0,48,40,8,318,31,65,2,0.8455,7,6,480,0.5551,0,12,12,12,12,0.7801,0.7864
2024-01-21,Agent_010,Agent_010,Support B,6,5.29,0.9461,0.8171,0,57,51,5,253,39,43,10,0.8075,12,11,297,0.6486,0,19,15,4,8,0.8186,0.8124
2024-01-21,Agent_011,Agent_011,Billing,8,8.01,0.9074,0.7117,0,24,22,2,201,23,17,13,0.835,7,6,317,0.6939,0,8,7,10,11,0.9015,0.7563
2024-01-21,Agent_012,Agent_012,Billing,7,6.85,0.9032,0.7917,0,23,22,0,306,46,17,16,0.82,15,13,540,0.57,1,19,16,4,7,0.9305,0.8697
2024-01-21,Agent_013,Agent_013,Billing,8,7.44,0.8948,0.8128,0,38,33,5,282,27,25,37,0.715,24,19,453,0.6183,0,11,9,11,13,0.8618,0.8195
2024-01-21,Agent_014,Agent_014,Billing,7,6.34,0.951,0.7595,0,28,23,5,381,43,45,40,0.7,15,12,564,0.5567,1,14,13,17,18,0.8953,0.8506
2024-01-21,Agent_015,Agent_015,Billing,8,7.15,0.9168,0.7402,0,31,29,2,307,53,85,31,0.745,19,17,480,0.6033,1,7,5,15,17,0.9617,0.7559
2024-01-21,Agent_016,Agent_016,Tech Support,8,7.93,0.8975,0.7701,0,33,29,3,396,30,13,29,0.6795,16,13,578,0.483,1,6,5,15,16,0.8495,0.7855
2024-01-21,Agent_017,Agent_017,Tech Support,7,6.56,0.8917,0.9152,0,47,40,6,211,49,54,7,0.7785,19,16,554,0.4948,1,16,14,10,12,0.8625,0.7898
2024-01-21,Agent_018,Agent_018,Tech Support,8,0.0,0.8179,0.793,1,0,0,0,0,0,0,0,0.0,0,0,0,0.0,0,0,0,0,0,0.0,0.0
2024-01-21,Agent_019,Agent_019,Tech Support,6,5.78,0.8599,0.6698,0,32,29,2,292,35,49,35,0.6525,24,21,242,0.6473,3,9,8,3,4,0.8067,0.7393
2024-01-21,Agent_020,Agent_020,Tech Support,7,6.71,0.8631,0.7778,0,45,40,4,297,32,54,21,0.7155,15,13,489,0.5265,2,9,7,19,21,0.9218,0.8105
2024-01-22,Agent_001,Agent_001,Support A,8,7.72,0.8974,0.8695,0,21,18,3,310,55,80,19,0.8453,16,14,427,0.6581,1,15,12,7,10,0.9431,0.6826
2024-01-22,Agent_002,Agent_002,Support A,8,7.67,0.9097,0.6784,0,64,53,10,350,37,48,35,0.7613,16,14,352,0.7014,1,5,5,3,3,0.9051,0.7937
2024-01-22,Agent_003,Agent_003,Support A,6,5.55,0.9136,0.7936,0,24,21,2,324,27,50,6,0.9135,10,8,572,0.5743,0,17,13,7,11,0.9183,0.8677
2024-01-22,Agent_004,Agent_004,Support A,8,7.32,0.938,0.6714,0,31,27,3,392,34,33,33,0.7718,11,9,556,0.5836,0,16,13,11,14,0.9051,0.8104
2024-01-22,Agent_005,Agent_005,Support A,7,6.44,0.9196,0.7208,0,21,18,3,237,49,45,18,0.8505,18,16,555,0.5841,4,14,13,11,12,0.9063,0.8343
2024-01-22,Agent_006,Agent_006,Support B,8,8.1,0.9101,0.9561,0,40,35,4,326,35,60,27,0.7268,17,15,432,0.5796,2,19,19,15,15,0.8083,0.7922
2024-01-22,Agent_007,Agent_007,Support B,7,7.02,0.8669,0.9585,0,28,26,2,316,47,43,23,0.7458,21,18,272,0.6614,2,9,6,11,14,0.8058,0.7276
2024-01-22,Agent_008,Agent_008,Support B,8,7.72,0.8802,0.8988,0,38,36,2,379,31,28,14,0.7885,16,13,515,0.5372,0,11,8,15,18,0.8159,0.7856
2024-01-22,Agent_009,Agent_009,Support B,7,6.35,0.8764,0.9021,0,66,63,3,345,45,38,31,0.7077,15,13,498,0.5459,0,6,6,6,6,0.8128,0.7641
2024-01-22,Agent_010,Agent_010,Support B,6,5.38,0.9189,0.8469,0,45,39,5,313,42,38,26,0.7315,12,11,478,0.5561,0,9,9,6,6,0.8644,0.8396
2024-01-22,Agent_011,Agent_011,Billing,9,8.44,0.9089,0.7642,0,44,37,6,330,49,38,13,0.835,10,8,543,0.5683,0,18,18,8,8,0.8921,0.7258
2024-01-22,Agent_012,Agent_012,Billing,9,8.48,0.9237,0.7258,0,42,38,3,407,43,29,25,0.775,16,15,533,0.5739,1,14,10,13,17,0.7553,0.7833
2024-01-22,Agent_013,Agent_013,Billing,6,5.34,0.8774,0.8556,0,23,19,3,340,45,50,21,0.795,9,8,528,0.5767,0,7,5,17,19,0.9848,0.7913
2024-01-22,Agent_014,Agent_014,Billing,6,5.46,0.9542,0.8084,0,60,53,7,250,33,10,15,0.825,6,5,407,0.6439,1,19,15,8,12,0.832,0.8362
2024-01-22,Agent_015,Agent_015,Billing,8,7.62,0.8448,0.7865,0,39,35,3,331,28,45,21,0.795,10,9,487,0.5994,0,19,16,13,16,0.9036,0.7756
2024-01-22,Agent_016,Agent_016,Tech Support,8,7.27,0.8675,0.9058,0,24,20,3,347,40,50,13,0.7515,15,12,367,0.5862,2,16,15,1,2,0.8471,0.781
2024-01-22,Agent_017,Agent_017,Tech Support,6,5.85,0.9023,0.8558,0,50,48,1,290,27,45,22,0.711,17,15,422,0.5593,2,7,6,16,17,0.7933,0.7489
2024-01-22,Agent_018,Agent_018,Tech Support,8,0.0,0.8736,0.7956,1,0,0,0,0,0,0,0,0.0,0,0,0,0.0,0,0,0,0,0,0.0,0.0
2024-01-22,Agent_019,Agent_019,Tech Support,8,7.25,0.8748,0.7861,0,41,36,4,391,48,38,12,0.756,19,16,364,0.5876,3,18,13,18,23,0.7348,0.729
2024-01-22,Agent_020,Agent_020,Tech Support,8,0.0,0.8806,0.7674,1,0,0,0,0,0,0,0,0.0,0,0,0,0.0,0,0,0,0,0,0.0,0.0
2024-01-23,Agent_001,Agent_001,Support A,7,6.23,0.9461,0.7846,0,31,29,2,180,36,41,21,0.8348,14,11,295,0.7344,0,13,12,14,15,0.9034,0.8566
2024-01-23,Agent_002,Agent_002,Support A,7,6.89,0.9771,0.6737,0,30,25,4,297,45,50,38,0.7455,11,10,444,0.6483,0,14,11,19,22,0.8652,0.798
2024-01-23,Agent_003,Agent_003,Support A,7,6.3,0.9661,0.8347,0,62,52,9,268,36,57,27,0.8033,23,19,238,0.7673,2,19,15,4,8,0.9272,0.8045
2024-01-23,Agent_004,Agent_004,Support A,8,0.0,0.9768,0.9292,1,0,0,0,0,0,0,0,0.0,0,0,0,0.0,0,0,0,0,0,0.0,0.0
2024-01-23,Agent_005,Agent_005,Support A,8,8.1,0.9559,0.8467,0,46,41,5,315,30,73,33,0.7718,23,20,439,0.6512,1,6,5,15,16,0.9236,0.7457
2024-01-23,Agent_006,Agent_006,Support B,8,7.39,0.9175,0.9118,0,30,26,3,296,33,30,33,0.6982,7,5,369,0.6118,0,18,15,14,17,0.7817,0.8215
2024-01-23,Agent_007,Agent_007,Support B,8,7.75,0.9214,0.6819,0,46,41,4,232,47,28,27,0.7268,15,12,403,0.5944,0,18,17,0,1,0.807,0.9195
2024-01-23,Agent_008,Agent_008,Support B,9,8.7,0.8997,0.8627,0,52,46,5,372,35,60,18,0.7695,21,19,342,0.6256,4,16,14,6,8,0.8152,0.8118
2024-01-23,Agent_009,Agent_009,Support B,8,7.36,0.9049,0.7062,0,48,42,5,261,51,35,40,0.665,6,5,392,0.6,0,11,8,5,8,0.6835,0.7222
2024-01-23,Agent_010,Agent_010,Support B,7,0.0,0.9021,0.7012,1,0,0,0,0,0,0,0,0.0,0,0,0,0.0,0,0,0,0,0,0.0,0.0
2024-01-23,Agent_011,Agent_011,Billing,8,8.09,0.9247,0.8064,0,59,49,10,349,42,49,37,0.715,10,9,499,0.5928,0,19,18,11,12,0.8846,0.7635
2024-01-23,Agent_012,Agent_012,Billing,8,8.01,0.9216,0.871,0,26,22,4,328,39,39,14,0.83,20,16,332,0.6856,5,7,6,12,13,0.9456,0.7552
2024-01-23,Agent_013,Agent_013,Billing,9,8.07,0.9715,0.7709,0,58,51,7,302,43,14,34,0.73,7,5,297,0.705,0,14,14,3,3,0.97,0.7975
2024-01-23,Agent_014,Agent_014,Billing,8,7.36,0.9799,0.9378,0,24,21,3,288,32,39,22,0.79,21,18,417,0.6383,2,7,5,2,4,0.9649,0.875
2024-01-23,Agent_015,Agent_015,Billing,8,0.0,0.9213,0.71,1,0,0,0,0,0,0,0,0.0,0,0,0,0.0,0,0,0,0,0,0.0,0.0
2024-01-23,Agent_016,Agent_016,Tech Support,6,5.76,0.9145,0.8419,0,34,29,4,355,23,44,45,0.6075,22,20,263,0.637,3,13,10,14,17,0.7964,0.885
2024-01-23,Agent_017,Agent_017,Tech Support,8,7.61,0.8832,0.7655,0,24,21,2,348,54,48,31,0.6705,6,4,480,0.5309,0,17,16,7,8,0.7823,0.8113
2024-01-23,Agent_018,Agent_018,Tech Support,8,7.91,0.8603,0.7207,0,30,25,5,312,32,46,26,0.693,24,21,411,0.5647,3,18,17,5,6,0.8794,0.7221
2024-01-23,Agent_019,Agent_019,Tech Support,7,6.98,0.8909,0.7787,0,24,20,4,310,30,48,33,0.6615,17,14,232,0.6522,3,9,8,10,11,0.8125,0.7069
2024-01-23,Agent_020,Agent_020,Tech Support,8,7.06,0.8685,0.7055,0,22,20,1,252,42,49,7,0.7785,10,9,157,0.6888,0,19,17,10,12,0.8655,0.8339
2024-01-24,Agent_001,Agent_001,Support A,9,8.29,0.923,0.7365,0,68,61,7,319,46,26,24,0.819,15,12,259,0.7552,1,10,8,2,4,0.9234,0.8038
2024-01-24,Agent_002,Agent_002,Support A,6,5.79,0.9265,0.7708,0,55,46,9,313,22,35,13,0.8768,21,17,619,0.5472,0,11,11,6,6,0.8799,0.8886
2024-01-24,Agent_003,Agent_003,Support A,8,7.07,0.9646,0.8752,0,49,42,6,284,37,31,7,0.9083,19,17,305,0.7286,3,13,9,11,15,0.9514,0.7707
2024-01-24,Agent_004,Agent_004,Support A,8,7.49,0.9381,0.9725,0,24,20,4,281,42,49,20,0.84,23,21,493,0.62,0,19,17,13,15,0.8403,0.7828
2024-01-24,Agent_005,Agent_005,Support A,6,0.0,0.9434,0.8059,1,0,0,0,0,0,0,0,0.0,0,0,0,0.0,0,0,0,0,0,0.0,0.0
2024-01-24,Agent_006,Agent_006,Support B,8,7.72,0.942,0.7855,0,69,59,9,265,58,35,42,0.6555,7,6,668,0.459,1,8,6,13,15,0.7055,0.8022
2024-01-24,Agent_007,Agent_007,Support B,8,7.44,0.9138,0.6679,0,60,51,9,385,37,49,20,0.76,7,6,520,0.5346,0,12,10,2,4,0.8326,0.841
2024-01-24,Agent_008,Agent_008,Support B,7,0.0,0.8977,0.8168,1,0,0,0,0,0,0,0,0.0,0,0,0,0.0,0,0,0,0,0,0.0,0.0
2024-01-24,Agent_009,Agent_009,Support B,8,7.56,0.8632,0.8028,0,55,46,9,329,51,37,31,0.7077,20,17,312,0.6409,1,7,5,7,9,0.709,0.7538
2024-01-24,Agent_010,Agent_010,Support B,8,0.0,0.9459,0.7974,1,0,0,0,0,0,0,0,0.0,0,0,0,0.0,0,0,0,0,0,0.0,0.0
2024-01-24,Agent_011,Agent_011,Billing,7,6.53,0.8951,0.891,0,39,34,5,310,53,19,36,0.72,17,14,341,0.6806,1,18,18,2,2,0.9759,0.7187
2024-01-24,Agent_012,Agent_012,Billing,8,8.09,0.9405,0.8552,0,62,54,7,299,36,34,30,0.75,6,5,473,0.6072,1,19,17,11,13,0.8753,0.7613
2024-01-24,Agent_013,Agent_013,Billing,8,7.98,0.937,0.8067,0,69,61,7,288,37,56,38,0.71,18,15,272,0.7189,0,8,7,14,15,0.8959,0.748
2024-01-24,Agent_014,Agent_014,Billing,8,7.89,0.9338,0.8388,0,35,31,4,320,47,47,20,0.8,9,8,708,0.4767,0,18,18,11,11,0.8787,0.8302
2024-01-24,Agent_015,Agent_015,Billing,7,6.17,0.9228,0.7821,0,65,57,8,347,49,59,7,0.865,14,12,556,0.5611,0,9,7,17,19,0.9581,0.8266
2024-01-24,Agent_016,Agent_016,Tech Support,8,7.48,0.8574,0.7425,0,38,34,4,259,37,28,16,0.738,5,4,289,0.6243,0,16,14,6,8,0.8457,0.8093
2024-01-24,Agent_017,Agent_017,Tech Support,8,8.04,0.9023,0.8191,0,54,46,8,377,37,56,30,0.675,10,8,462,0.5397,0,16,12,8,12,0.8673,0.917
2024-01-24,Agent_018,Agent_018,Tech Support,8,7.2,0.91,0.8263,0,69,59,10,309,47,47,29,0.6795,13,12,504,0.5192,1,6,5,8,9,0.8311,0.7276
2024-01-24,Agent_019,Agent_019,Tech Support,7,6.79,0.9172,0.8664,0,47,45,1,396,57,38,31,0.6705,16,13,408,0.5661,0,14,11,19,22,0.836,0.6626
2024-01-24,Agent_020,Agent_020,Tech Support,8,7.5,0.8421,0.8901,0,50,48,1,265,42,48,33,0.6615,19,17,484,0.529,1,14,14,7,7,0.8771,0.8108
2024-01-25,Agent_001,Agent_001,Support A,8,7.67,0.9037,0.797,0,52,47,4,281,23,75,24,0.819,20,19,469,0.6338,3,13,11,2,4,0.99,0.7564
2024-01-25,Agent_002,Agent_002,Support A,8,7.85,0.9356,0.8214,0,24,21,2,309,27,22,18,0.8505,21,19,360,0.6968,1,16,14,16,18,0.99,0.7254
2024-01-25,Agent_003,Agent_003,Support A,6,5.52,0.9183,0.6278,0,28,24,4,406,55,32,27,0.8033,18,15,507,0.6119,3,6,5,1,2,0.99,0.843
2024-01-25,Agent_004,Agent_004,Support A,8,8.04,0.9403,0.9113,0,20,18,2,346,59,37,10,0.8925,21,18,252,0.7592,4,13,10,3,6,0.921,0.7952
2024-01-25,Agent_005,Agent_005,Support A,8,7.65,0.9276,0.661,0,43,36,6,261,38,76,41,0.7298,17,14,678,0.5131,1,8,6,15,17,0.9342,0.8109
2024-01-25,Agent_006,Agent_006,Support B,6,6.1,0.8978,0.788,0,66,59,6,262,42,40,3,0.8407,13,10,407,0.5924,0,12,9,13,16,0.8346,0.6176
2024-01-25,Agent_007,Agent_007,Support B,6,5.65,0.87,0.7993,0,25,22,2,318,42,81,27,0.7268,10,8,588,0.4999,1,5,4,14,15,0.8229,0.8495
2024-01-25,Agent_008,Agent_008,Support B,8,7.81,0.9166,0.7565,0,46,42,4,343,45,72,34,0.6935,7,6,505,0.5423,0,17,16,14,15,0.8075,0.8039
2024-01-25,Agent_009,Agent_009,Support B,8,8.04,0.9233,0.744,0,38,34,3,368,41,34,19,0.7648,12,9,489,0.5505,1,7,6,11,12,0.8401,0.8638
2024-01-25,Agent_010,Agent_010,Support B,8,7.21,0.9369,0.7363,0,66,62,3,324,47,52,32,0.703,19,17,654,0.4661,1,11,11,9,9,0.7928,0.7529
2024-01-25,Agent_011,Agent_011,Billing,7,6.75,0.9095,0.9121,0,57,54,3,400,38,70,20,0.8,22,20,316,0.6944,3,5,4,18,19,0.99,0.7747
2024-01-25,Agent_012,Agent_012,Billing,8,7.86,0.8834,0.8182,0,37,32,5,235,28,40,21,0.795,9,7,532,0.5744,1,19,17,3,5,0.959,0.7413
2024-01-25,Agent_013,Agent_013,Billing,8,7.8,0.8713,0.828,0,27,22,4,292,34,49,0,0.9,23,20,651,0.5083,0,6,4,3,5,0.8353,0.8265
2024-01-25,Agent_014,Agent_014,Billing,9,8.4,0.918,0.7923,0,62,58,3,281,34,45,7,0.865,21,17,405,0.645,1,8,7,3,4,0.911,0.9032
2024-01-25,Agent_015,Agent_015,Billing,8,0.0,0.884,0.8865,1,0,0,0,0,0,0,0,0.0,0,0,0,0.0,0,0,0,0,0,0.0,0.0
2024-01-25,Agent_016,Agent_016,Tech Support,8,7.38,0.8829,0.8263,0,22,20,1,319,43,25,22,0.711,11,9,490,0.526,2,9,7,2,4,0.8298,0.9177
2024-01-25,Agent_017,Agent_017,Tech Support,8,7.14,0.8519,0.8026,0,58,53,5,276,39,41,20,0.72,24,23,414,0.5632,1,10,9,15,16,0.9057,0.717
2024-01-25,Agent_018,Agent_018,Tech Support,6,6.05,0.9606,0.8375,0,62,56,5,353,51,40,16,0.738,14,11,476,0.5329,0,15,12,13,16,0.8563,0.8218
2024-01-25,Agent_019,Agent_019,Tech Support,8,7.79,0.8995,0.7577,0,63,59,3,381,35,51,8,0.774,13,11,521,0.5109,0,18,14,5,9,0.8006,0.7171
2024-01-25,Agent_020,Agent_020,Tech Support,7,6.87,0.8551,0.7891,0,27,26,0,321,49,12,16,0.738,16,15,375,0.5823,1,15,12,3,6,0.8411,0.693
2024-01-26,Agent_001,Agent_001,Support A,8,7.99,0.9115,0.8078,0,36,32,3,332,53,76,22,0.8295,15,13,557,0.583,1,7,7,3,3,0.99,0.7708
2024-01-26,Agent_002,Agent_002,Support A,9,8.04,0.8991,0.8057,0,54,48,6,262,26,50,29,0.7928,15,12,446,0.6471,0,6,6,1,1,0.8426,0.8117
2024-01-26,Agent_003,Agent_003,Support A,8,7.97,0.9568,0.8494,0,59,50,8,354,28,30,30,0.7875,20,18,292,0.7361,3,6,5,8,9,0.8981,0.8469
2024-01-26,Agent_004,Agent_004,Support A,7,6.56,0.9676,0.7077,0,50,43,7,352,28,28,25,0.8138,7,5,551,0.5864,3,7,6,12,13,0.8981,0.734
2024-01-26,Agent_005,Agent_005,Support A,8,7.12,0.9372,0.8033,0,25,24,1,358,27,42,31,0.7823,7,6,461,0.6384,1,8,6,12,14,0.973,0.7828
2024-01-26,Agent_006,Agent_006,Support B,8,7.82,0.9065,0.8834,0,27,25,1,354,46,62,35,0.6888,7,6,355,0.619,1,5,5,6,6,0.8603,0.6481
2024-01-26,Agent_007,Agent_007,Support B,6,5.29,0.8628,0.7905,0,25,23,2,413,40,37,21,0.7552,12,10,443,0.574,0,17,14,16,19,0.8528,0.7482
2024-01-26,Agent_008,Agent_008,Support B,8,7.28,0.8585,0.7246,0,35,29,6,334,43,31,34,0.6935,22,20,465,0.5627,1,10,9,9,10,0.8557,0.7159
2024-01-26,Agent_009,Agent_009,Support B,8,7.15,0.8367,0.9405,0,25,23,2,371,38,58,9,0.8122,8,6,379,0.6067,1,15,13,13,15,0.7719,0.7662
2024-01-26,Agent_010,Agent_010,Support B,8,7.24,0.875,0.8512,0,53,49,4,306,27,77,16,0.779,13,11,517,0.5362,0,9,8,19,20,0.8115,0.8575
2024-01-26,Agent_011,Agent_011,Billing,7,7.11,0.9578,0.8856,0,46,39,6,296,33,73,28,0.76,11,9,499,0.5928,1,10,10,11,11,0.99,0.7981
2024-01-26,Agent_012,Agent_012,Billing,7,6.97,0.9361,0.7214,0,46,38,7,376,37,42,16,0.82,16,13,353,0.6739,0,15,15,8,8,0.8824,0.8215
2024-01-26,Agent_013,Agent_013,Billing,7,6.5,0.97,0.8724,0,48,42,5,375,60,30,19,0.805,19,18,622,0.5244,0,8,7,4,5,0.8668,0.8173
2024-01-26,Agent_014,Agent_014,Billing,8,7.38,0.9385,0.772,0,42,38,3,356,45,53,43,0.685,21,18,471,0.6083,0,19,19,7,7,0.9052,0.7077
2024-01-26,Agent_015,Agent_015,Billing,7,7.09,0.9421,0.672,0,30,25,5,296,36,54,19,0.805,18,17,660,0.5033,0,5,4,13,14,0.9716,0.7986
2024-01-26,Agent_016,Agent_016,Tech Support,6,5.71,0.9098,0.7139,0,47,42,5,300,30,38,8,0.774,18,16,295,0.6214,0,19,15,10,14,0.8317,0.8236
2024-01-26,Agent_017,Agent_017,Tech Support,8,7.2,0.846,1.0,0,31,28,2,320,26,32,31,0.6705,9,8,407,0.5666,0,8,6,18,20,0.7638,0.7763
2024-01-26,Agent_018,Agent_018,Tech Support,9,8.13,0.8121,0.7562,0,32,26,5,376,30,32,22,0.711,8,7,363,0.5881,1,16,15,12,13,0.8385,0.8684
2024-01-26,Agent_019,Agent_019,Tech Support,8,7.76,0.8768,0.9047,0,64,58,5,196,35,47,26,0.693,21,17,529,0.507,1,12,9,6,9,0.8632,0.7853
2024-01-26,Agent_020,Agent_020,Tech Support,8,7.94,0.8976,0.9714,0,35,33,2,279,31,47,34,0.657,20,18,441,0.55,2,10,9,3,4,0.8339,0.8014
2024-01-27,Agent_001,Agent_001,Support A,6,6.04,0.899,0.91,0,47,42,5,443,32,43,28,0.798,17,15,384,0.6829,1,17,13,3,7,0.99,0.7924
2024-01-27,Agent_002,Agent_002,Support A,7,6.56,0.9919,0.7791,0,69,57,11,377,38,53,19,0.8453,20,18,632,0.5396,3,19,17,0,2,0.9091,0.694
2024-01-27,Agent_003,Agent_003,Support A,8,7.36,0.9436,0.6702,0,21,19,2,398,49,44,18,0.8505,9,8,512,0.609,1,7,7,10,10,0.9386,0.6983
2024-01-27,Agent_004,Agent_004,Support A,8,0.0,0.9752,0.8561,1,0,0,0,0,0,0,0,0.0,0,0,0,0.0,0,0,0,0,0,0.0,0.0
2024-01-27,Agent_005,Agent_005,Support A,7,6.67,0.8898,0.8541,0,45,43,1,345,39,37,23,0.8243,12,10,551,0.5864,0,9,6,2,5,0.9386,0.7467
2024-01-27,Agent_006,Agent_006,Support B,7,6.85,0.8776,0.6825,0,52,48,3,262,39,61,29,0.7172,17,14,409,0.5914,1,18,16,10,12,0.7554,0.7543
2024-01-27,Agent_007,Agent_007,Support B,8,7.27,0.9039,0.7772,0,66,63,3,306,54,49,28,0.722,5,4,397,0.5975,0,19,14,2,7,0.803,0.8746
2024-01-27,Agent_008,Agent_008,Support B,7,6.23,0.8728,0.7996,0,33,28,5,258,71,44,18,0.7695,5,4,329,0.6322,0,19,16,19,22,0.7745,0.7575
2024-01-27,Agent_009,Agent_009,Support B,8,7.56,0.9199,0.8001,0,26,23,2,321,35,38,17,0.7742,8,7,343,0.6251,1,9,9,14,14,0.8159,0.8097
2024-01-27,Agent_010,Agent_010,Support B,8,7.39,0.8804,0.7224,0,39,34,4,256,31,51,28,0.722,13,10,443,0.574,0,7,5,6,8,0.6966,0.7318
2024-01-27,Agent_011,Agent_011,Billing,9,9.01,0.9431,0.6619,0,35,33,2,304,74,51,39,0.705,21,17,539,0.5706,2,16,13,17,20,0.8921,0.754
2024-01-27,Agent_012,Agent_012,Billing,8,7.98,0.9251,0.8608,0,44,39,4,374,26,57,39,0.705,19,18,565,0.5561,1,10,10,7,7,0.8041,0.8852
2024-01-27,Agent_013,Agent_013,Billing,8,8.03,0.8877,0.9417,0,65,62,3,316,34,64,44,0.68,14,12,461,0.6139,0,5,4,11,12,0.99,0.8351
2024-01-27,Agent_014,Agent_014,Billing,8,7.9,0.934,0.7215,0,46,42,4,392,41,60,27,0.765,5,4,561,0.5583,0,9,7,1,3,0.8704,0.7594
2024-01-27,Agent_015,Agent_015,Billing,6,5.79,0.945,0.5677,0,52,43,9,441,38,46,23,0.785,5,4,468,0.61,0,9,7,3,5,0.9488,0.7438
2024-01-27,Agent_016,Agent_016,Tech Support,8,0.0,0.834,0.8483,1,0,0,0,0,0,0,0,0.0,0,0,0,0.0,0,0,0,0,0,0.0,0.0
2024-01-27,Agent_017,Agent_017,Tech Support,8,7.48,0.8884,0.6745,0,65,56,8,227,42,56,28,0.684,6,4,539,0.5021,1,17,16,3,4,0.9565,0.8522
2024-01-27,Agent_018,Agent_018,Tech Support,8,7.52,0.8703,0.7768,0,24,23,0,311,53,12,33,0.6615,12,10,298,0.6199,0,5,5,17,17,0.8274,0.8197
2024-01-27,Agent_019,Agent_019,Tech Support,8,7.1,0.8448,0.8067,0,64,59,4,333,26,42,17,0.7335,7,6,437,0.552,0,12,9,10,13,0.879,0.7046
2024-01-27,Agent_020,Agent_020,Tech Support,8,8.0,0.8238,0.7992,0,24,22,2,328,52,44,29,0.6795,8,6,465,0.5383,0,11,8,8,11,0.8967,0.7392
2024-01-28,Agent_001,Agent_001,Support A,7,0.0,0.934,0.8667,1,0,0,0,0,0,0,0,0.0,0,0,0,0.0,0,0,0,0,0,0.0,0.0
2024-01-28,Agent_002,Agent_002,Support A,8,8.03,0.9492,0.8967,0,20,17,2,335,65,50,15,0.8663,14,11,678,0.5131,3,7,7,6,6,0.9486,0.7459
2024-01-28,Agent_003,Agent_003,Support A,8,8.12,1.0183,0.8822,0,32,27,4,284,29,29,31,0.7823,16,14,466,0.6356,3,18,16,19,21,0.9801,0.7613
2024-01-28,Agent_004,Agent_004,Support A,7,7.14,0.9919,0.7154,0,60,56,3,356,37,32,27,0.8033,18,16,545,0.5899,0,12,11,17,18,0.99,0.8198
2024-01-28,Agent_005,Agent_005,Support A,7,6.17,1.0122,0.5842,0,29,26,2,364,45,22,11,0.8872,8,7,283,0.7413,0,5,4,14,15,0.8998,0.816
2024-01-28,Agent_006,Agent_006,Support B,8,7.79,0.8991,0.7841,0,54,44,10,322,29,58,18,0.7695,14,11,527,0.531,0,18,15,19,22,0.8475,0.8261
2024-01-28,Agent_007,Agent_007,Support B,7,6.86,0.8855,0.804,0,48,41,6,256,43,37,9,0.8122,5,4,544,0.5224,0,18,15,1,4,0.7955,0.7529
2024-01-28,Agent_008,Agent_008,Support B,8,0.0,0.9114,0.8889,1,0,0,0,0,0,0,0,0.0,0,0,0,0.0,0,0,0,0,0,0.0,0.0
2024-01-28,Agent_009,Agent_009,Support B,8,7.05,0.8586,0.7247,0,32,29,2,365,45,33,15,0.7838,20,17,593,0.4973,3,16,12,16,20,0.8082,0.7681
2024-01-28,Agent_010,Agent_010,Support B,8,7.69,0.9109,0.7582,0,22,21,1,302,46,41,32,0.703,21,17,508,0.5408,3,13,12,14,15,0.7726,0.7944
2024-01-28,Agent_011,Agent_011,Billing,8,0.0,0.922,0.7893,1,0,0,0,0,0,0,0,0.0,0,0,0,0.0,0,0,0,0,0,0.0,0.0
2024-01-28,Agent_012,Agent_012,Billing,8,7.21,0.9035,0.7407,0,65,55,9,274,41,35,10,0.85,6,5,412,0.6411,0,10,7,6,9,0.8115,0.6486
2024-01-28,Agent_013,Agent_013,Billing,8,7.55,0.8961,0.7563,0,39,32,7,299,40,71,26,0.77,14,13,427,0.6328,1,18,15,19,22,0.8921,0.8291
2024-01-28,Agent_014,Agent_014,Billing,8,7.13,0.9037,0.6774,0,27,24,2,356,32,45,18,0.81,8,7,577,0.5494,1,19,19,6,6,0.9178,0.6648
2024-01-28,Agent_015,Agent_015,Billing,8,7.36,0.9194,0.8277,0,66,56,9,318,41,32,51,0.645,9,8,221,0.7472,1,12,11,8,9,0.8934,0.8058
2024-01-28,Agent_016,Agent_016,Tech Support,7,6.92,0.817,0.7115,0,38,32,5,369,11,30,14,0.747,8,7,412,0.5642,2,19,19,2,2,0.8761,0.7811
2024-01-28,Agent_017,Agent_017,Tech Support,7,7.12,0.8853,0.6925,0,39,35,3,239,25,31,49,0.5895,6,5,388,0.5759,0,11,9,1,3,0.9018,0.7263
2024-01-28,Agent_018,Agent_018,Tech Support,8,7.14,0.8644,0.7233,0,58,54,3,329,35,46,23,0.7065,14,13,282,0.6277,0,13,11,3,5,0.8285,0.8015
2024-01-28,Agent_019,Agent_019,Tech Support,8,7.16,0.9087,0.7709,0,51,47,4,343,31,21,16,0.738,6,5,562,0.4908,1,11,10,17,18,0.9309,0.7959
2024-01-28,Agent_020,Agent_020,Tech Support,7,6.71,0.8734,0.835,0,58,53,4,367,34,50,33,0.6615,9,7,626,0.4596,0,9,6,8,11,0.8024,0.8068
2024-01-29,Agent_001,Agent_001,Support A,7,6.79,0.9496,0.8325,0,35,33,2,284,35,41,24,0.819,24,19,462,0.6379,1,7,6,5,6,0.9752,0.8216
2024-01-29,Agent_002,Agent_002,Support A,7,6.28,0.957,0.8903,0,62,51,11,320,31,45,7,0.9083,14,12,530,0.5986,1,9,8,3,4,0.9235,0.7408
2024-01-29,Agent_003,Agent_003,Support A,7,6.45,0.9359,0.8748,0,51,45,6,262,45,41,14,0.8715,16,14,436,0.6529,0,17,14,11,14,0.9691,0.6142
2024-01-29,Agent_004,Agent_004,Support A,8,7.67,0.8996,0.7947,0,62,50,11,316,40,43,0,0.945,17,13,378,0.6864,0,12,9,5,8,0.881,0.8143
2024-01-29,Agent_005,Agent_005,Support A,8,7.71,0.9908,0.9063,0,59,56,3,240,35,18,25,0.8138,18,17,439,0.6512,2,6,5,1,2,0.9403,0.6741
2024-01-29,Agent_006,Agent_006,Support B,8,7.43,0.8444,0.8469,0,21,19,2,314,38,40,24,0.741,21,19,376,0.6082,0,5,3,0,2,0.83,0.7501
2024-01-29,Agent_007,Agent_007,Support B,8,7.06,0.9442,0.7974,0,67,57,10,311,44,76,30,0.7125,10,8,497,0.5464,1,19,15,6,10,0.8046,0.7761
2024-01-29,Agent_008,Agent_008,Support B,8,0.0,0.874,0.8437,1,0,0,0,0,0,0,0,0.0,0,0,0,0.0,0,0,0,0,0,0.0,0.0
2024-01-29,Agent_009,Agent_009,Support B,8,7.92,0.9016,0.9157,0,40,34,5,414,29,11,50,0.6175,21,17,316,0.6389,1,6,5,9,10,0.8578,0.7348
2024-01-29,Agent_010,Agent_010,Support B,7,7.11,0.8578,0.7214,0,59,52,6,269,30,36,33,0.6982,24,22,566,0.5111,1,16,12,8,12,0.7399,0.8365
2024-01-29,Agent_011,Agent_011,Billing,8,7.59,0.9441,0.8419,0,67,56,10,322,46,57,22,0.79,8,7,360,0.67,3,5,4,4,5,0.9509,0.6975
2024-01-29,Agent_012,Agent_012,Billing,8,7.13,0.9489,0.9319,0,32,27,4,332,32,35,36,0.72,12,11,674,0.4956,0,17,13,9,13,0.9312,0.735
2024-01-29,Agent_013,Agent_013,Billing,8,8.04,0.9177,0.7348,0,63,53,10,302,45,21,34,0.73,24,22,379,0.6594,3,6,5,14,15,0.99,0.7848
2024-01-29,Agent_014,Agent_014,Billing,8,7.28,0.8997,0.8875,0,38,32,5,341,55,72,20,0.8,18,16,439,0.6261,0,6,5,7,8,0.959,0.716
2024-01-29,Agent_015,Agent_015,Billing,6,5.48,0.988,0.8261,0,47,43,4,324,35,31,32,0.74,10,8,321,0.6917,0,13,11,7,9,0.9449,0.8609
2024-01-29,Agent_016,Agent_016,Tech Support,8,0.0,0.9354,0.8092,1,0,0,0,0,0,0,0,0.0,0,0,0,0.0,0,0,0,0,0,0.0,0.0
2024-01-29,Agent_017,Agent_017,Tech Support,7,6.91,0.8558,0.7614,0,64,61,2,324,33,50,17,0.7335,20,19,521,0.5109,1,10,10,16,16,0.9656,0.7483
2024-01-29,Agent_018,Agent_018,Tech Support,7,6.53,0.9207,0.8506,0,52,42,10,321,47,67,32,0.666,6,5,530,0.5065,0,6,5,8,9,0.9185,0.7684
2024-01-29,Agent_019,Agent_019,Tech Support,8,7.77,0.8608,0.7577,0,53,47,6,296,28,20,5,0.7875,14,13,579,0.4825,1,14,13,4,5,0.8908,0.7649
2024-01-29,Agent_020,Agent_020,Tech Support,8,7.19,0.9207,0.8091,0,45,42,2,422,26,68,6,0.783,10,8,443,0.549,0,19,15,9,13,0.8382,0.6484
2024-01-30,Agent_001,Agent_001,Support A,7,6.75,0.9682,0.7329,0,67,56,11,262,47,18,33,0.7718,15,12,409,0.6685,1,5,5,13,13,0.9147,0.7921
2024-01-30,Agent_002,Agent_002,Support A,6,5.66,0.964,0.7663,0,61,53,7,319,22,36,8,0.903,17,15,508,0.6113,0,11,8,15,18,0.9041,0.8323
2024-01-30,Agent_003,Agent_003,Support A,6,5.46,0.9046,0.7949,0,42,35,7,233,32,53,20,0.84,16,13,452,0.6436,2,15,12,8,11,0.99,0.7839
2024-01-30,Agent_004,Agent_004,Support A,8,7.58,0.9945,0.7309,0,20,19,1,304,47,51,36,0.756,20,16,502,0.6148,2,6,5,13,14,0.8529,0.886
2024-01-30,Agent_005,Agent_005,Support A,8,7.24,0.9021,0.8793,0,53,51,1,304,55,49,20,0.84,17,16,569,0.576,3,5,4,4,5,0.99,0.755
2024-01-30,Agent_006,Agent_006,Support B,8,7.8,0.8412,0.7526,0,65,59,5,297,43,69,34,0.6935,18,15,408,0.5919,1,16,13,5,8,0.7551,0.7859
2024-01-30,Agent_007,Agent_007,Support B,8,7.81,0.8433,0.7685,0,57,52,4,334,32,79,33,0.6982,7,6,381,0.6057,1,17,13,1,5,0.8472,0.8287
2024-01-30,Agent_008,Agent_008,Support B,8,7.18,0.9113,0.8995,0,57,54,3,301,45,59,29,0.7172,17,14,601,0.4932,0,11,11,16,16,0.8444,0.8181
2024-01-30,Agent_009,Agent_009,Support B,8,7.77,0.8941,0.7255,0,35,29,6,398,64,45,37,0.6793,24,22,429,0.5811,0,9,7,4,6,0.8348,0.7857
2024-01-30,Agent_010,Agent_010,Support B,7,7.02,0.8657,0.7222,0,45,41,3,314,49,15,30,0.7125,5,4,630,0.4784,0,17,13,7,11,0.8594,0.8849
2024-01-30,Agent_011,Agent_011,Billing,6,5.3,0.9101,0.8035,0,64,55,8,275,50,42,25,0.775,8,7,479,0.6039,2,9,7,4,6,0.9624,0.8176
2024-01-30,Agent_012,Agent_012,Billing,9,8.22,0.891,0.8284,0,59,54,5,342,38,27,10,0.85,17,14,659,0.5039,1,12,11,15,16,0.9354,0.8033
2024-01-30,Agent_013,Agent_013,Billing,7,6.56,0.9224,0.8879,0,51,45,6,275,47,67,33,0.735,19,16,410,0.6422,3,12,10,18,20,0.9507,0.9115
2024-01-30,Agent_014,Agent_014,Billing,8,7.88,0.9703,0.8013,0,66,60,5,286,51,35,28,0.76,24,23,288,0.71,2,8,6,15,17,0.9116,0.8343
2024-01-30,Agent_015,Agent_015,Billing,8,7.76,0.9331,0.7254,0,22,20,1,389,36,32,12,0.84,13,12,396,0.65,1,9,7,16,18,0.85,0.8255
2024-01-30,Agent_016,Agent_016,Tech Support,8,7.16,0.8445,0.8712,0,58,49,9,396,41,42,26,0.693,5,4,377,0.5813,0,5,5,8,8,0.9053,0.8195
2024-01-30,Agent_017,Agent_017,Tech Support,8,7.2,0.9001,0.803,0,38,32,5,287,21,49,21,0.7155,15,12,426,0.5573,0,16,15,6,7,0.79,0.8415
2024-01-30,Agent_018,Agent_018,Tech Support,8,7.09,0.8594,0.8225,0,37,30,7,281,40,57,39,0.6345,12,10,592,0.4762,0,9,9,11,11,0.8306,0.7133
2024-01-30,Agent_019,Agent_019,Tech Support,7,7.08,0.8599,0.9356,0,26,21,4,278,44,53,19,0.7245,15,13,419,0.5608,1,5,3,3,5,0.8512,0.8722
2024-01-30,Agent_020,Agent_020,Tech Support,8,8.03,0.8819,0.7294,0,24,20,3,354,46,64,14,0.747,15,13,494,0.5241,0,14,10,13,17,0.9343,0.9096
